,-5000,-4950,-4900,-4850,-4800,-4750,-4700,-4650,-4600,-4550,-4500,-4450,-4400,-4350,-4300,-4250,-4200,-4150,-4100,-4050,-4000,-3950,-3900,-3850,-3800,-3750,-3700,-3650,-3600,-3550,-3500,-3450,-3400,-3350,-3300,-3250,-3200,-3150,-3100,-3050,-3000,-2950,-2900,-2850,-2800,-2750,-2700,-2650,-2600,-2550,-2500,-2450,-2400,-2350,-2300,-2250,-2200,-2150,-2100,-2050,-2000,-1950,-1900,-1850,-1800,-1750,-1700,-1650,-1600,-1550,-1500,-1450,-1400,-1350,-1300,-1250,-1200,-1150,-1100,-1050,-1000,-950,-900,-850,-800,-750,-700,-650,-600,-550,-500,-450,-400,-350,-300,-250,-200,-150,-100,-50,0,50,100,150,200,250,300,350,400,450,500,550,600,650,700,750,800,850,900,950,1000,1050,1100,1150,1200,1250,1300,1350,1400,1450,1500,1550,1600,1650,1700,1750,1800,1850,1900,1950,2000,2050,2100,2150,2200,2250,2300,2350,2400,2450,2500,2550,2600,2650,2700,2750,2800,2850,2900,2950,3000,3050,3100,3150,3200,3250,3300,3350,3400,3450,3500,3550,3600,3650,3700,3750,3800,3850,3900,3950,4000,4050,4100,4150,4200,4250,4300,4350,4400,4450,4500,4550,4600,4650,4700,4750,4800,4850,4900,4950
19,0.0,0.0,0.0,0.0,0.0,0.0,0.0,0.0,0.0,0.0,0.0,0.0,0.0,0.0,0.0,0.0,0.0,0.0,0.0,0.0,0.0,0.0,0.0,0.0,0.0,0.0,0.0,0.0,0.0,0.0,0.0,0.0,0.0,0.0,0.0,0.0,0.0,0.0,0.0,0.0,0.0,0.0,0.0,0.0,0.0,0.0,0.0,0.0,0.0,0.0,0.0,0.0,0.0,0.0,0.0,0.0,0.0,0.0,0.0,0.0,0.0,0.0,0.0,0.0,0.0,0.0,0.0,0.0,0.0,0.0,0.0,0.0,0.0,0.0,0.0,0.0,0.0,0.0,0.0,0.0,0.0,0.0,0.0,0.0,0.0,0.0,0.0,0.0,0.0,0.0,0.0,0.0,0.0,0.0,0.0,0.0,0.0,0.0,0.0,0.0,0.0,0.0,0.0,0.0,0.0,0.0,0.0,0.0,0.0,0.0,0.0,0.0,0.0,0.0,0.0,0.0,0.0,0.0,0.0,0.0,0.0,0.0,0.0,0.0,0.0,0.0,0.0,0.0,0.0,0.0,0.0,0.0,0.0,0.0,0.0,0.0,0.0,0.0,0.0,0.0,0.0,0.0,0.0,0.0,0.0,0.0,0.0,0.0,0.0,0.0,0.0,0.0,0.0,0.0,0.0,0.0,0.0,0.0,0.0,0.0,0.0,0.0,0.0,0.0,0.0,0.0,0.0,0.0,0.0,0.0,0.0,0.0,0.0,0.0,0.0,0.0,0.0,0.0,0.0,0.0,0.0,0.0,0.0,0.0,0.0,0.0,0.0,0.0,0.0,0.0,0.0,0.0,0.0,0.0,0.0,0.0,0.0,0.0,0.0,0.0
24,0.0,0.0,0.0,0.0,1.0,0.0,0.0,0.0,0.0,0.0,0.0,0.0,0.0,0.0,0.0,0.0,0.0,0.0,0.0,0.0,0.0,0.0,0.0,0.0,0.0,0.0,0.0,1.0,0.0,0.0,0.0,0.0,0.0,0.0,0.0,0.0,0.0,0.0,0.0,0.0,0.0,0.0,0.0,0.0,0.0,0.0,0.0,0.0,1.0,0.0,0.0,0.0,0.0,0.0,0.0,0.0,0.0,0.0,0.0,0.0,0.0,0.0,0.0,0.0,0.0,0.0,0.0,0.0,0.0,0.0,0.0,0.0,0.0,0.0,0.0,0.0,0.0,0.0,1.0,1.0,1.0,0.0,0.0,0.0,0.0,0.0,0.0,0.0,1.0,0.0,0.0,0.0,0.0,0.0,0.0,0.0,0.0,0.0,0.0,0.0,1.0,0.0,0.0,0.0,0.0,0.0,0.0,0.0,0.0,0.0,1.0,0.0,0.0,0.0,0.0,0.0,0.0,0.0,0.0,0.0,0.0,0.0,0.0,0.0,0.0,0.0,0.0,0.0,0.0,0.0,0.0,0.0,0.0,1.0,0.0,0.0,0.0,0.0,0.0,0.0,0.0,0.0,0.0,0.0,0.0,0.0,0.0,1.0,0.0,0.0,0.0,0.0,0.0,0.0,0.0,0.0,0.0,0.0,0.0,0.0,0.0,0.0,0.0,0.0,0.0,0.0,1.0,0.0,0.0,1.0,0.0,0.0,0.0,0.0,0.0,0.0,0.0,0.0,0.0,0.0,0.0,0.0,0.0,0.0,0.0,0.0,0.0,0.0,0.0,0.0,0.0,0.0,0.0,0.0,0.0,0.0,0.0,0.0,1.0,0.0
29,0.0,0.0,0.0,0.0,1.0,0.0,0.0,0.0,0.0,0.0,0.0,0.0,0.0,0.0,0.0,0.0,0.0,0.0,0.0,0.0,0.0,0.0,0.0,0.0,0.0,0.0,1.0,0.0,0.0,0.0,0.0,0.0,0.0,0.0,0.0,0.0,0.0,0.0,0.0,0.0,0.0,0.0,0.0,0.0,0.0,0.0,0.0,0.0,0.0,0.0,0.0,0.0,0.0,0.0,0.0,0.0,0.0,0.0,0.0,0.0,0.0,1.0,0.0,0.0,0.0,0.0,0.0,0.0,0.0,0.0,0.0,0.0,0.0,0.0,0.0,0.0,0.0,0.0,0.0,1.0,0.0,0.0,0.0,1.0,0.0,0.0,0.0,0.0,0.0,0.0,0.0,0.0,0.0,1.0,0.0,0.0,0.0,0.0,0.0,1.0,0.0,0.0,0.0,0.0,0.0,0.0,0.0,0.0,0.0,0.0,1.0,0.0,0.0,0.0,0.0,1.0,0.0,0.0,0.0,0.0,0.0,0.0,0.0,0.0,0.0,0.0,0.0,0.0,0.0,0.0,0.0,0.0,0.0,0.0,0.0,0.0,0.0,0.0,0.0,0.0,0.0,0.0,0.0,0.0,0.0,0.0,0.0,0.0,0.0,0.0,0.0,0.0,0.0,0.0,0.0,0.0,0.0,0.0,1.0,0.0,0.0,0.0,0.0,0.0,0.0,0.0,1.0,0.0,0.0,0.0,0.0,0.0,1.0,0.0,0.0,0.0,0.0,0.0,0.0,0.0,0.0,0.0,0.0,0.0,0.0,0.0,0.0,0.0,0.0,0.0,0.0,0.0,0.0,0.0,1.0,0.0,0.0,0.0,0.0,0.0
34,0.0,0.0,0.0,2.0,0.0,0.0,0.0,0.0,0.0,0.0,0.0,0.0,0.0,0.0,1.0,0.0,0.0,0.0,0.0,0.0,0.0,0.0,0.0,0.0,0.0,0.0,0.0,0.0,1.0,0.0,0.0,2.0,0.0,0.0,0.0,0.0,0.0,0.0,0.0,0.0,0.0,0.0,0.0,0.0,0.0,0.0,0.0,0.0,0.0,0.0,0.0,0.0,0.0,0.0,0.0,0.0,0.0,0.0,0.0,0.0,1.0,0.0,0.0,0.0,0.0,0.0,0.0,0.0,0.0,0.0,0.0,0.0,0.0,0.0,0.0,0.0,0.0,0.0,0.0,1.0,0.0,0.0,0.0,0.0,0.0,1.0,0.0,0.0,1.0,1.0,0.0,0.0,1.0,0.0,0.0,0.0,0.0,0.0,0.0,0.0,1.0,0.0,0.0,0.0,0.0,0.0,0.0,0.0,0.0,0.0,0.0,0.0,0.0,0.0,0.0,0.0,0.0,0.0,0.0,0.0,1.0,0.0,0.0,0.0,0.0,0.0,0.0,0.0,0.0,0.0,0.0,0.0,0.0,0.0,0.0,0.0,0.0,0.0,0.0,0.0,0.0,0.0,1.0,0.0,0.0,0.0,0.0,0.0,0.0,0.0,0.0,0.0,0.0,0.0,0.0,0.0,0.0,0.0,0.0,0.0,0.0,0.0,0.0,0.0,0.0,0.0,0.0,0.0,0.0,0.0,0.0,0.0,0.0,0.0,0.0,0.0,0.0,0.0,0.0,5.0,0.0,4.0,0.0,0.0,0.0,1.0,0.0,0.0,0.0,0.0,0.0,0.0,0.0,0.0,0.0,1.0,0.0,0.0,0.0,0.0
39,0.0,0.0,0.0,0.0,0.0,0.0,0.0,0.0,0.0,0.0,0.0,0.0,0.0,0.0,0.0,0.0,0.0,0.0,0.0,0.0,0.0,0.0,0.0,0.0,0.0,1.0,2.0,0.0,0.0,0.0,0.0,0.0,0.0,0.0,0.0,0.0,0.0,0.0,0.0,0.0,0.0,0.0,0.0,0.0,0.0,0.0,0.0,0.0,0.0,0.0,0.0,0.0,0.0,0.0,0.0,0.0,0.0,0.0,0.0,0.0,0.0,0.0,1.0,0.0,0.0,0.0,0.0,0.0,0.0,1.0,0.0,0.0,0.0,0.0,0.0,0.0,1.0,1.0,0.0,0.0,0.0,0.0,0.0,0.0,0.0,0.0,0.0,0.0,0.0,0.0,0.0,0.0,0.0,0.0,0.0,1.0,0.0,0.0,0.0,0.0,0.0,0.0,0.0,0.0,0.0,0.0,0.0,0.0,0.0,0.0,0.0,1.0,1.0,0.0,0.0,0.0,0.0,0.0,0.0,1.0,0.0,0.0,0.0,0.0,0.0,0.0,0.0,0.0,0.0,0.0,0.0,0.0,0.0,0.0,0.0,0.0,0.0,0.0,0.0,0.0,0.0,0.0,0.0,0.0,0.0,0.0,0.0,0.0,0.0,0.0,1.0,0.0,0.0,0.0,0.0,0.0,1.0,1.0,0.0,0.0,0.0,0.0,0.0,0.0,0.0,0.0,0.0,0.0,0.0,0.0,0.0,0.0,0.0,0.0,0.0,0.0,0.0,0.0,0.0,0.0,0.0,0.0,0.0,0.0,0.0,0.0,0.0,0.0,0.0,0.0,0.0,0.0,0.0,0.0,0.0,0.0,0.0,0.0,0.0,0.0
44,0.0,0.0,0.0,0.0,0.0,1.0,0.0,0.0,0.0,0.0,1.0,0.0,0.0,0.0,0.0,0.0,0.0,0.0,0.0,0.0,0.0,0.0,1.0,0.0,0.0,0.0,0.0,0.0,0.0,0.0,0.0,0.0,0.0,0.0,0.0,1.0,0.0,0.0,0.0,0.0,0.0,0.0,0.0,0.0,0.0,0.0,0.0,0.0,1.0,0.0,0.0,0.0,0.0,0.0,0.0,0.0,1.0,0.0,0.0,0.0,0.0,0.0,0.0,0.0,1.0,0.0,0.0,0.0,0.0,0.0,0.0,0.0,0.0,2.0,0.0,4.0,0.0,0.0,1.0,0.0,0.0,3.0,0.0,0.0,0.0,0.0,0.0,0.0,0.0,0.0,0.0,0.0,0.0,0.0,0.0,1.0,0.0,1.0,0.0,1.0,0.0,0.0,1.0,0.0,1.0,0.0,0.0,0.0,0.0,0.0,0.0,0.0,1.0,0.0,1.0,0.0,0.0,1.0,0.0,0.0,1.0,0.0,0.0,0.0,0.0,0.0,0.0,0.0,0.0,0.0,0.0,0.0,1.0,0.0,0.0,0.0,0.0,0.0,0.0,1.0,0.0,0.0,0.0,0.0,0.0,0.0,0.0,1.0,0.0,0.0,0.0,0.0,0.0,0.0,0.0,1.0,1.0,0.0,0.0,0.0,0.0,0.0,0.0,0.0,0.0,0.0,0.0,0.0,0.0,0.0,1.0,0.0,0.0,0.0,0.0,0.0,0.0,1.0,0.0,0.0,0.0,0.0,0.0,0.0,0.0,0.0,0.0,0.0,1.0,0.0,0.0,0.0,0.0,0.0,0.0,0.0,0.0,0.0,0.0,0.0
49,0.0,0.0,1.0,0.0,3.0,0.0,0.0,0.0,0.0,0.0,0.0,0.0,0.0,0.0,0.0,0.0,0.0,0.0,0.0,0.0,0.0,1.0,0.0,0.0,1.0,1.0,0.0,0.0,0.0,1.0,0.0,0.0,0.0,0.0,0.0,0.0,0.0,0.0,0.0,0.0,1.0,1.0,0.0,1.0,0.0,1.0,0.0,0.0,0.0,0.0,0.0,0.0,0.0,0.0,0.0,0.0,0.0,0.0,0.0,0.0,1.0,1.0,0.0,0.0,0.0,0.0,0.0,0.0,2.0,0.0,0.0,0.0,0.0,0.0,0.0,0.0,0.0,0.0,1.0,0.0,0.0,0.0,0.0,0.0,0.0,0.0,1.0,0.0,0.0,1.0,0.0,0.0,0.0,1.0,1.0,0.0,0.0,0.0,3.0,1.0,1.0,1.0,0.0,0.0,0.0,0.0,0.0,1.0,0.0,0.0,0.0,1.0,0.0,0.0,0.0,0.0,0.0,0.0,1.0,0.0,0.0,0.0,0.0,0.0,0.0,0.0,0.0,0.0,0.0,1.0,0.0,0.0,1.0,1.0,0.0,0.0,0.0,0.0,0.0,0.0,0.0,0.0,0.0,0.0,0.0,0.0,0.0,0.0,0.0,0.0,0.0,0.0,0.0,0.0,0.0,0.0,0.0,0.0,1.0,0.0,0.0,0.0,0.0,0.0,0.0,0.0,0.0,0.0,0.0,0.0,1.0,0.0,0.0,0.0,0.0,0.0,0.0,0.0,0.0,0.0,0.0,0.0,0.0,0.0,0.0,0.0,0.0,1.0,0.0,1.0,0.0,0.0,0.0,1.0,0.0,0.0,1.0,0.0,0.0,0.0
54,0.0,0.0,0.0,0.0,0.0,1.0,0.0,1.0,0.0,1.0,0.0,0.0,0.0,0.0,0.0,0.0,0.0,0.0,0.0,0.0,0.0,0.0,0.0,0.0,0.0,0.0,0.0,0.0,1.0,0.0,0.0,0.0,2.0,0.0,1.0,0.0,2.0,0.0,1.0,0.0,0.0,1.0,0.0,0.0,0.0,0.0,2.0,0.0,0.0,0.0,0.0,0.0,0.0,0.0,0.0,0.0,0.0,1.0,0.0,1.0,0.0,2.0,0.0,0.0,0.0,0.0,0.0,0.0,0.0,0.0,0.0,1.0,1.0,1.0,1.0,1.0,0.0,0.0,1.0,1.0,0.0,0.0,0.0,1.0,0.0,0.0,0.0,0.0,0.0,0.0,0.0,1.0,0.0,0.0,0.0,1.0,0.0,1.0,0.0,0.0,1.0,0.0,1.0,0.0,0.0,2.0,0.0,0.0,1.0,0.0,1.0,3.0,0.0,1.0,0.0,1.0,0.0,0.0,1.0,1.0,1.0,0.0,1.0,0.0,0.0,0.0,0.0,0.0,1.0,1.0,0.0,0.0,0.0,0.0,1.0,1.0,1.0,1.0,0.0,1.0,0.0,1.0,0.0,3.0,0.0,1.0,0.0,0.0,1.0,0.0,0.0,2.0,1.0,0.0,0.0,0.0,1.0,1.0,0.0,0.0,0.0,0.0,1.0,0.0,1.0,1.0,0.0,1.0,1.0,0.0,0.0,1.0,1.0,0.0,1.0,0.0,0.0,0.0,1.0,0.0,0.0,0.0,2.0,0.0,0.0,1.0,0.0,0.0,0.0,0.0,1.0,0.0,0.0,0.0,1.0,0.0,0.0,0.0,0.0,1.0
59,0.0,0.0,1.0,0.0,0.0,1.0,0.0,0.0,0.0,0.0,1.0,0.0,1.0,2.0,0.0,0.0,0.0,0.0,0.0,0.0,3.0,0.0,2.0,0.0,0.0,2.0,0.0,0.0,1.0,0.0,0.0,0.0,0.0,0.0,1.0,0.0,0.0,1.0,0.0,0.0,1.0,1.0,0.0,0.0,1.0,0.0,0.0,0.0,0.0,1.0,0.0,0.0,0.0,2.0,0.0,0.0,1.0,1.0,0.0,2.0,0.0,1.0,2.0,0.0,1.0,0.0,1.0,0.0,0.0,0.0,0.0,1.0,0.0,1.0,0.0,0.0,0.0,0.0,0.0,0.0,0.0,0.0,1.0,1.0,0.0,0.0,0.0,0.0,0.0,0.0,0.0,0.0,0.0,0.0,1.0,1.0,0.0,2.0,0.0,2.0,3.0,0.0,0.0,1.0,2.0,0.0,0.0,2.0,1.0,0.0,1.0,1.0,0.0,0.0,0.0,0.0,1.0,0.0,0.0,0.0,0.0,1.0,0.0,1.0,0.0,1.0,0.0,0.0,0.0,0.0,1.0,1.0,0.0,1.0,0.0,1.0,0.0,0.0,2.0,0.0,1.0,2.0,0.0,1.0,0.0,1.0,3.0,0.0,0.0,0.0,1.0,0.0,1.0,0.0,0.0,2.0,0.0,1.0,0.0,0.0,0.0,0.0,1.0,0.0,0.0,0.0,0.0,0.0,1.0,0.0,0.0,0.0,0.0,0.0,0.0,0.0,0.0,0.0,0.0,0.0,0.0,0.0,1.0,0.0,0.0,0.0,1.0,0.0,1.0,1.0,0.0,1.0,0.0,2.0,1.0,0.0,1.0,1.0,0.0,0.0
64,1.0,0.0,1.0,0.0,2.0,3.0,1.0,0.0,0.0,1.0,0.0,1.0,0.0,0.0,0.0,1.0,1.0,0.0,2.0,2.0,0.0,2.0,0.0,0.0,0.0,1.0,0.0,0.0,1.0,0.0,0.0,1.0,1.0,1.0,1.0,0.0,0.0,1.0,1.0,0.0,0.0,0.0,2.0,0.0,1.0,0.0,0.0,0.0,1.0,1.0,0.0,0.0,0.0,1.0,1.0,0.0,0.0,0.0,1.0,2.0,0.0,0.0,2.0,0.0,0.0,0.0,2.0,0.0,0.0,1.0,1.0,0.0,0.0,0.0,2.0,1.0,0.0,1.0,1.0,1.0,3.0,0.0,0.0,0.0,1.0,0.0,0.0,1.0,1.0,1.0,2.0,0.0,0.0,1.0,1.0,0.0,0.0,0.0,0.0,0.0,0.0,0.0,0.0,2.0,0.0,0.0,1.0,0.0,0.0,0.0,0.0,2.0,0.0,2.0,0.0,0.0,0.0,1.0,2.0,0.0,0.0,0.0,0.0,2.0,0.0,0.0,1.0,0.0,3.0,0.0,0.0,0.0,1.0,0.0,1.0,0.0,1.0,1.0,1.0,0.0,1.0,0.0,1.0,0.0,0.0,0.0,0.0,0.0,0.0,0.0,0.0,0.0,2.0,0.0,0.0,0.0,0.0,0.0,1.0,0.0,0.0,2.0,1.0,0.0,0.0,0.0,0.0,1.0,0.0,1.0,0.0,0.0,1.0,0.0,0.0,1.0,0.0,0.0,0.0,0.0,2.0,2.0,2.0,0.0,0.0,0.0,1.0,0.0,0.0,0.0,0.0,0.0,0.0,1.0,0.0,0.0,1.0,1.0,1.0,0.0
69,0.0,2.0,1.0,0.0,0.0,1.0,0.0,0.0,0.0,0.0,1.0,0.0,0.0,1.0,1.0,1.0,0.0,0.0,0.0,0.0,0.0,1.0,1.0,2.0,1.0,0.0,0.0,0.0,0.0,0.0,0.0,0.0,2.0,0.0,1.0,1.0,1.0,1.0,0.0,1.0,0.0,1.0,1.0,0.0,2.0,0.0,0.0,1.0,0.0,0.0,1.0,2.0,2.0,1.0,0.0,0.0,1.0,0.0,1.0,1.0,0.0,1.0,1.0,0.0,0.0,0.0,1.0,0.0,0.0,1.0,0.0,0.0,0.0,0.0,1.0,1.0,1.0,0.0,1.0,0.0,1.0,0.0,1.0,0.0,0.0,0.0,1.0,1.0,0.0,2.0,2.0,0.0,1.0,0.0,0.0,1.0,1.0,0.0,1.0,0.0,2.0,0.0,3.0,0.0,1.0,0.0,0.0,1.0,2.0,0.0,0.0,1.0,1.0,0.0,0.0,1.0,2.0,0.0,2.0,0.0,1.0,0.0,0.0,1.0,0.0,0.0,1.0,1.0,0.0,0.0,0.0,3.0,1.0,0.0,1.0,1.0,0.0,2.0,2.0,0.0,1.0,0.0,0.0,0.0,1.0,1.0,3.0,0.0,1.0,1.0,1.0,4.0,0.0,0.0,1.0,0.0,0.0,0.0,0.0,1.0,0.0,2.0,0.0,0.0,1.0,1.0,3.0,0.0,0.0,1.0,2.0,0.0,1.0,0.0,1.0,0.0,3.0,0.0,1.0,0.0,1.0,0.0,3.0,0.0,0.0,0.0,0.0,1.0,1.0,0.0,0.0,0.0,0.0,0.0,0.0,1.0,0.0,1.0,1.0,1.0
74,2.0,0.0,1.0,0.0,1.0,1.0,1.0,0.0,0.0,1.0,1.0,0.0,2.0,3.0,1.0,0.0,3.0,1.0,1.0,0.0,1.0,1.0,0.0,1.0,0.0,2.0,1.0,1.0,1.0,1.0,1.0,1.0,1.0,1.0,0.0,0.0,4.0,0.0,2.0,1.0,2.0,2.0,2.0,0.0,0.0,3.0,1.0,4.0,0.0,2.0,1.0,0.0,0.0,0.0,1.0,0.0,2.0,2.0,0.0,3.0,0.0,1.0,0.0,2.0,0.0,0.0,1.0,1.0,2.0,0.0,1.0,1.0,0.0,1.0,1.0,2.0,2.0,0.0,0.0,0.0,0.0,1.0,2.0,0.0,1.0,0.0,1.0,1.0,1.0,2.0,2.0,0.0,1.0,0.0,2.0,1.0,2.0,0.0,0.0,1.0,0.0,1.0,1.0,0.0,2.0,0.0,1.0,0.0,0.0,1.0,1.0,0.0,2.0,2.0,1.0,1.0,1.0,0.0,0.0,0.0,1.0,2.0,2.0,3.0,0.0,1.0,1.0,2.0,2.0,1.0,1.0,1.0,2.0,1.0,2.0,1.0,1.0,0.0,3.0,0.0,0.0,3.0,0.0,1.0,0.0,0.0,0.0,1.0,1.0,1.0,0.0,1.0,3.0,0.0,0.0,2.0,0.0,2.0,1.0,0.0,2.0,3.0,0.0,1.0,1.0,1.0,0.0,0.0,1.0,0.0,1.0,1.0,1.0,0.0,0.0,1.0,1.0,0.0,0.0,1.0,0.0,1.0,3.0,1.0,0.0,1.0,0.0,1.0,2.0,1.0,1.0,2.0,0.0,0.0,1.0,1.0,0.0,0.0,1.0,2.0
79,2.0,1.0,0.0,0.0,1.0,2.0,1.0,1.0,0.0,2.0,1.0,1.0,0.0,0.0,0.0,0.0,0.0,0.0,2.0,0.0,2.0,3.0,0.0,1.0,3.0,1.0,2.0,0.0,0.0,0.0,0.0,1.0,2.0,2.0,0.0,1.0,1.0,1.0,2.0,0.0,1.0,1.0,1.0,2.0,2.0,2.0,0.0,2.0,1.0,1.0,2.0,2.0,1.0,0.0,1.0,0.0,2.0,0.0,1.0,3.0,1.0,1.0,1.0,3.0,1.0,1.0,5.0,2.0,1.0,0.0,0.0,3.0,1.0,3.0,1.0,1.0,1.0,1.0,2.0,1.0,0.0,1.0,0.0,1.0,1.0,1.0,4.0,0.0,1.0,1.0,1.0,1.0,1.0,1.0,0.0,3.0,1.0,1.0,1.0,3.0,2.0,3.0,3.0,2.0,1.0,4.0,2.0,0.0,3.0,1.0,1.0,4.0,1.0,0.0,2.0,0.0,1.0,3.0,1.0,0.0,0.0,1.0,0.0,0.0,1.0,1.0,1.0,2.0,0.0,0.0,0.0,4.0,2.0,2.0,2.0,1.0,2.0,2.0,5.0,0.0,2.0,1.0,2.0,1.0,2.0,2.0,0.0,1.0,2.0,1.0,1.0,2.0,2.0,1.0,2.0,2.0,1.0,0.0,5.0,4.0,1.0,0.0,3.0,1.0,2.0,3.0,1.0,1.0,1.0,0.0,4.0,1.0,1.0,3.0,0.0,2.0,1.0,2.0,1.0,1.0,0.0,0.0,0.0,1.0,1.0,1.0,1.0,3.0,2.0,0.0,1.0,1.0,2.0,3.0,1.0,0.0,3.0,3.0,0.0,0.0
84,1.0,0.0,1.0,1.0,0.0,1.0,1.0,2.0,2.0,1.0,0.0,1.0,2.0,4.0,1.0,2.0,4.0,4.0,1.0,1.0,1.0,0.0,1.0,2.0,2.0,0.0,1.0,1.0,0.0,1.0,0.0,0.0,2.0,0.0,1.0,1.0,4.0,1.0,0.0,2.0,0.0,3.0,2.0,2.0,1.0,0.0,1.0,3.0,0.0,1.0,5.0,1.0,1.0,1.0,0.0,0.0,2.0,1.0,0.0,2.0,1.0,1.0,1.0,0.0,4.0,0.0,2.0,2.0,0.0,0.0,0.0,0.0,0.0,1.0,1.0,0.0,2.0,1.0,1.0,0.0,0.0,3.0,1.0,3.0,2.0,0.0,3.0,2.0,2.0,1.0,2.0,0.0,1.0,0.0,1.0,0.0,2.0,0.0,3.0,3.0,2.0,1.0,1.0,0.0,1.0,0.0,0.0,1.0,1.0,0.0,1.0,2.0,3.0,1.0,1.0,0.0,2.0,1.0,2.0,3.0,2.0,1.0,1.0,2.0,1.0,4.0,2.0,1.0,5.0,1.0,0.0,1.0,1.0,4.0,1.0,1.0,0.0,2.0,1.0,0.0,3.0,2.0,3.0,0.0,1.0,1.0,1.0,2.0,0.0,1.0,0.0,0.0,1.0,3.0,0.0,1.0,0.0,0.0,0.0,3.0,2.0,0.0,0.0,3.0,1.0,0.0,4.0,1.0,1.0,1.0,0.0,0.0,3.0,2.0,1.0,1.0,1.0,0.0,1.0,0.0,3.0,2.0,3.0,4.0,0.0,2.0,0.0,1.0,0.0,1.0,2.0,2.0,1.0,0.0,1.0,3.0,1.0,2.0,2.0,1.0
89,1.0,1.0,3.0,2.0,3.0,2.0,2.0,0.0,1.0,2.0,1.0,2.0,2.0,3.0,3.0,2.0,2.0,2.0,1.0,2.0,0.0,4.0,2.0,1.0,4.0,1.0,2.0,0.0,1.0,2.0,2.0,1.0,1.0,2.0,3.0,4.0,0.0,2.0,0.0,1.0,2.0,3.0,0.0,2.0,2.0,1.0,2.0,2.0,1.0,7.0,4.0,2.0,1.0,1.0,3.0,1.0,4.0,1.0,4.0,5.0,2.0,2.0,2.0,1.0,2.0,1.0,2.0,1.0,1.0,3.0,2.0,3.0,1.0,1.0,2.0,5.0,2.0,0.0,3.0,0.0,3.0,2.0,2.0,2.0,3.0,1.0,2.0,0.0,2.0,3.0,1.0,3.0,3.0,4.0,1.0,2.0,2.0,2.0,1.0,2.0,4.0,8.0,6.0,1.0,3.0,0.0,3.0,2.0,1.0,0.0,1.0,2.0,3.0,2.0,5.0,4.0,4.0,1.0,3.0,1.0,2.0,2.0,1.0,0.0,3.0,3.0,0.0,1.0,3.0,4.0,2.0,4.0,2.0,4.0,3.0,3.0,3.0,2.0,3.0,2.0,1.0,2.0,5.0,3.0,2.0,2.0,3.0,2.0,4.0,1.0,2.0,0.0,5.0,1.0,2.0,2.0,6.0,4.0,1.0,3.0,3.0,3.0,3.0,2.0,1.0,3.0,3.0,1.0,3.0,3.0,3.0,1.0,2.0,0.0,3.0,2.0,1.0,1.0,4.0,3.0,3.0,2.0,5.0,3.0,1.0,3.0,1.0,0.0,1.0,1.0,4.0,3.0,2.0,0.0,2.0,2.0,2.0,5.0,0.0,2.0
94,2.0,0.0,0.0,2.0,2.0,0.0,0.0,1.0,0.0,1.0,2.0,3.0,0.0,4.0,1.0,3.0,0.0,1.0,4.0,2.0,4.0,1.0,3.0,0.0,0.0,2.0,1.0,3.0,3.0,0.0,2.0,1.0,2.0,1.0,0.0,1.0,3.0,2.0,1.0,1.0,2.0,2.0,2.0,1.0,2.0,3.0,0.0,3.0,2.0,2.0,3.0,4.0,2.0,2.0,1.0,0.0,2.0,4.0,0.0,2.0,3.0,2.0,2.0,2.0,1.0,2.0,3.0,2.0,0.0,1.0,0.0,0.0,3.0,2.0,3.0,4.0,0.0,2.0,1.0,2.0,1.0,2.0,0.0,4.0,1.0,3.0,2.0,1.0,4.0,0.0,3.0,3.0,1.0,4.0,0.0,3.0,2.0,2.0,1.0,4.0,1.0,3.0,2.0,0.0,2.0,2.0,4.0,1.0,2.0,2.0,2.0,2.0,3.0,2.0,2.0,4.0,0.0,1.0,0.0,1.0,4.0,0.0,0.0,1.0,1.0,2.0,3.0,3.0,2.0,1.0,1.0,3.0,5.0,1.0,1.0,1.0,2.0,0.0,2.0,0.0,1.0,2.0,3.0,1.0,3.0,3.0,3.0,2.0,1.0,2.0,1.0,1.0,4.0,4.0,2.0,1.0,1.0,4.0,3.0,3.0,2.0,0.0,4.0,3.0,0.0,1.0,1.0,5.0,1.0,2.0,1.0,3.0,2.0,2.0,2.0,3.0,2.0,2.0,3.0,2.0,2.0,0.0,0.0,2.0,1.0,5.0,2.0,1.0,2.0,0.0,3.0,1.0,1.0,0.0,2.0,0.0,1.0,5.0,2.0,1.0
99,3.0,2.0,3.0,2.0,1.0,3.0,1.0,0.0,2.0,8.0,5.0,3.0,1.0,3.0,5.0,3.0,0.0,5.0,4.0,3.0,1.0,5.0,3.0,2.0,7.0,6.0,0.0,6.0,3.0,2.0,6.0,1.0,2.0,2.0,0.0,4.0,2.0,2.0,2.0,2.0,3.0,6.0,5.0,2.0,4.0,2.0,4.0,1.0,4.0,5.0,5.0,4.0,1.0,4.0,6.0,2.0,1.0,2.0,3.0,3.0,4.0,5.0,1.0,5.0,3.0,2.0,3.0,3.0,3.0,5.0,2.0,3.0,3.0,5.0,2.0,1.0,6.0,1.0,2.0,2.0,2.0,3.0,3.0,2.0,2.0,4.0,8.0,3.0,1.0,5.0,0.0,2.0,4.0,4.0,4.0,2.0,4.0,2.0,3.0,1.0,3.0,3.0,1.0,3.0,4.0,2.0,3.0,3.0,3.0,3.0,0.0,2.0,4.0,4.0,3.0,3.0,2.0,8.0,3.0,2.0,0.0,2.0,1.0,2.0,4.0,0.0,2.0,7.0,3.0,2.0,5.0,1.0,3.0,2.0,1.0,6.0,1.0,2.0,4.0,5.0,1.0,3.0,3.0,2.0,3.0,2.0,2.0,4.0,1.0,1.0,4.0,2.0,6.0,1.0,4.0,5.0,3.0,2.0,4.0,3.0,3.0,3.0,4.0,6.0,6.0,3.0,4.0,1.0,5.0,0.0,5.0,3.0,7.0,1.0,6.0,4.0,4.0,0.0,4.0,5.0,3.0,5.0,2.0,5.0,1.0,8.0,1.0,4.0,3.0,1.0,4.0,5.0,6.0,2.0,4.0,2.0,3.0,3.0,3.0,3.0
104,6.0,2.0,1.0,1.0,2.0,2.0,3.0,5.0,4.0,4.0,6.0,1.0,3.0,1.0,2.0,7.0,3.0,3.0,3.0,2.0,4.0,2.0,5.0,2.0,5.0,7.0,4.0,7.0,6.0,3.0,1.0,0.0,5.0,3.0,4.0,3.0,3.0,3.0,4.0,5.0,3.0,2.0,3.0,4.0,3.0,6.0,0.0,4.0,2.0,5.0,1.0,1.0,2.0,3.0,5.0,0.0,4.0,3.0,3.0,1.0,6.0,5.0,1.0,4.0,4.0,5.0,3.0,4.0,2.0,5.0,3.0,2.0,3.0,2.0,5.0,3.0,5.0,3.0,3.0,5.0,3.0,6.0,4.0,1.0,5.0,5.0,2.0,4.0,3.0,4.0,4.0,1.0,0.0,2.0,2.0,8.0,0.0,3.0,4.0,0.0,3.0,4.0,4.0,2.0,4.0,8.0,4.0,2.0,2.0,4.0,4.0,3.0,3.0,1.0,2.0,3.0,0.0,3.0,3.0,4.0,7.0,4.0,1.0,4.0,4.0,3.0,4.0,2.0,1.0,2.0,3.0,3.0,2.0,3.0,0.0,4.0,2.0,4.0,2.0,2.0,6.0,6.0,2.0,1.0,2.0,4.0,6.0,4.0,2.0,1.0,1.0,4.0,2.0,6.0,4.0,7.0,2.0,5.0,2.0,3.0,4.0,3.0,8.0,2.0,3.0,5.0,3.0,2.0,0.0,4.0,1.0,5.0,4.0,2.0,3.0,6.0,2.0,5.0,4.0,0.0,6.0,4.0,2.0,5.0,2.0,0.0,1.0,1.0,5.0,1.0,4.0,3.0,5.0,2.0,3.0,2.0,5.0,4.0,4.0,3.0
109,3.0,4.0,9.0,7.0,5.0,5.0,7.0,4.0,5.0,1.0,5.0,5.0,7.0,8.0,1.0,7.0,6.0,4.0,6.0,2.0,3.0,8.0,4.0,1.0,8.0,6.0,7.0,6.0,5.0,4.0,3.0,5.0,5.0,5.0,4.0,9.0,6.0,5.0,6.0,5.0,1.0,4.0,4.0,6.0,2.0,4.0,3.0,7.0,5.0,5.0,5.0,2.0,7.0,2.0,6.0,5.0,4.0,4.0,2.0,5.0,2.0,7.0,2.0,3.0,3.0,2.0,4.0,0.0,9.0,5.0,4.0,2.0,2.0,3.0,2.0,5.0,6.0,6.0,6.0,6.0,5.0,6.0,5.0,8.0,7.0,5.0,6.0,3.0,7.0,2.0,8.0,5.0,5.0,3.0,2.0,1.0,4.0,14.0,2.0,2.0,1.0,10.0,6.0,2.0,2.0,9.0,7.0,2.0,6.0,3.0,2.0,1.0,4.0,5.0,7.0,6.0,5.0,1.0,4.0,3.0,3.0,6.0,1.0,6.0,6.0,6.0,2.0,7.0,6.0,5.0,6.0,4.0,5.0,2.0,4.0,3.0,5.0,4.0,3.0,4.0,5.0,8.0,3.0,7.0,5.0,1.0,5.0,3.0,3.0,2.0,8.0,7.0,2.0,4.0,5.0,6.0,5.0,5.0,6.0,9.0,2.0,9.0,4.0,1.0,4.0,7.0,1.0,5.0,5.0,5.0,4.0,5.0,8.0,2.0,3.0,6.0,3.0,3.0,9.0,4.0,2.0,1.0,8.0,2.0,7.0,4.0,4.0,8.0,4.0,4.0,6.0,7.0,3.0,1.0,6.0,1.0,3.0,4.0,5.0,2.0
114,5.0,1.0,3.0,3.0,7.0,3.0,7.0,9.0,5.0,3.0,2.0,2.0,7.0,3.0,2.0,4.0,2.0,10.0,3.0,5.0,3.0,2.0,4.0,3.0,4.0,2.0,4.0,8.0,3.0,4.0,6.0,7.0,2.0,4.0,2.0,6.0,5.0,4.0,1.0,1.0,4.0,2.0,2.0,5.0,10.0,4.0,8.0,5.0,4.0,3.0,2.0,2.0,5.0,6.0,3.0,6.0,2.0,1.0,5.0,3.0,9.0,6.0,6.0,5.0,1.0,2.0,5.0,4.0,6.0,6.0,6.0,2.0,8.0,4.0,4.0,6.0,3.0,4.0,2.0,6.0,5.0,4.0,5.0,3.0,4.0,6.0,1.0,5.0,6.0,5.0,3.0,5.0,2.0,10.0,3.0,4.0,5.0,6.0,5.0,0.0,6.0,4.0,7.0,7.0,1.0,5.0,5.0,6.0,7.0,4.0,1.0,1.0,7.0,9.0,8.0,4.0,6.0,6.0,5.0,3.0,3.0,8.0,10.0,8.0,3.0,7.0,4.0,5.0,6.0,2.0,4.0,6.0,4.0,5.0,3.0,5.0,7.0,12.0,3.0,2.0,4.0,3.0,6.0,4.0,4.0,6.0,7.0,5.0,4.0,4.0,7.0,7.0,3.0,5.0,5.0,7.0,7.0,4.0,7.0,3.0,4.0,8.0,3.0,5.0,4.0,8.0,7.0,6.0,5.0,3.0,7.0,3.0,6.0,3.0,6.0,3.0,4.0,4.0,3.0,3.0,5.0,2.0,6.0,6.0,4.0,5.0,5.0,5.0,8.0,2.0,5.0,3.0,6.0,2.0,4.0,1.0,6.0,8.0,1.0,4.0
119,5.0,11.0,8.0,6.0,11.0,7.0,9.0,6.0,10.0,8.0,5.0,8.0,10.0,7.0,8.0,7.0,6.0,12.0,10.0,4.0,8.0,6.0,2.0,4.0,8.0,7.0,7.0,7.0,9.0,15.0,9.0,8.0,7.0,6.0,10.0,6.0,8.0,11.0,8.0,9.0,11.0,7.0,6.0,5.0,9.0,4.0,7.0,6.0,5.0,4.0,8.0,10.0,3.0,7.0,12.0,3.0,10.0,12.0,8.0,8.0,5.0,8.0,4.0,8.0,7.0,10.0,14.0,9.0,4.0,4.0,5.0,5.0,4.0,8.0,4.0,3.0,6.0,10.0,5.0,6.0,7.0,9.0,9.0,9.0,7.0,5.0,8.0,12.0,9.0,8.0,6.0,9.0,4.0,8.0,5.0,4.0,8.0,9.0,9.0,5.0,7.0,7.0,5.0,16.0,11.0,5.0,5.0,5.0,9.0,5.0,3.0,8.0,8.0,6.0,4.0,9.0,9.0,8.0,7.0,8.0,9.0,7.0,10.0,12.0,10.0,10.0,11.0,7.0,10.0,9.0,7.0,4.0,2.0,6.0,8.0,2.0,6.0,9.0,8.0,7.0,11.0,3.0,5.0,8.0,5.0,10.0,4.0,6.0,5.0,3.0,7.0,9.0,11.0,4.0,10.0,11.0,8.0,8.0,5.0,7.0,7.0,10.0,8.0,2.0,8.0,8.0,6.0,15.0,10.0,10.0,7.0,4.0,7.0,12.0,9.0,16.0,8.0,8.0,8.0,4.0,5.0,6.0,8.0,10.0,9.0,9.0,7.0,19.0,8.0,9.0,6.0,4.0,9.0,8.0,17.0,8.0,8.0,5.0,5.0,7.0
124,11.0,9.0,10.0,11.0,8.0,10.0,11.0,6.0,9.0,16.0,7.0,8.0,9.0,6.0,7.0,4.0,5.0,6.0,10.0,1.0,13.0,9.0,8.0,11.0,7.0,13.0,13.0,6.0,8.0,4.0,12.0,6.0,11.0,10.0,10.0,6.0,10.0,6.0,8.0,2.0,4.0,8.0,10.0,6.0,5.0,5.0,11.0,2.0,3.0,7.0,4.0,5.0,4.0,13.0,10.0,10.0,6.0,8.0,5.0,13.0,6.0,7.0,5.0,8.0,7.0,10.0,7.0,4.0,10.0,8.0,3.0,9.0,2.0,10.0,7.0,8.0,12.0,10.0,10.0,7.0,6.0,12.0,12.0,5.0,11.0,5.0,8.0,8.0,3.0,6.0,9.0,10.0,2.0,5.0,3.0,11.0,7.0,10.0,11.0,11.0,9.0,6.0,8.0,7.0,11.0,7.0,8.0,13.0,9.0,5.0,10.0,13.0,12.0,10.0,6.0,11.0,6.0,3.0,7.0,4.0,9.0,12.0,6.0,7.0,10.0,16.0,6.0,8.0,8.0,4.0,8.0,7.0,4.0,15.0,4.0,6.0,10.0,8.0,11.0,9.0,8.0,5.0,4.0,8.0,11.0,11.0,12.0,7.0,7.0,8.0,6.0,13.0,13.0,12.0,7.0,7.0,9.0,9.0,4.0,9.0,11.0,5.0,5.0,4.0,7.0,6.0,9.0,7.0,7.0,4.0,9.0,6.0,8.0,4.0,7.0,8.0,11.0,10.0,7.0,3.0,5.0,9.0,7.0,9.0,4.0,4.0,13.0,8.0,11.0,8.0,10.0,3.0,5.0,6.0,8.0,10.0,6.0,5.0,3.0,18.0
129,16.0,17.0,13.0,12.0,15.0,17.0,15.0,11.0,16.0,12.0,17.0,12.0,7.0,8.0,13.0,14.0,18.0,13.0,17.0,20.0,14.0,15.0,16.0,13.0,9.0,16.0,12.0,15.0,12.0,6.0,14.0,15.0,16.0,17.0,9.0,12.0,7.0,14.0,8.0,15.0,15.0,15.0,18.0,17.0,13.0,18.0,16.0,14.0,11.0,10.0,16.0,14.0,10.0,10.0,13.0,8.0,10.0,16.0,19.0,11.0,15.0,16.0,10.0,16.0,12.0,14.0,15.0,9.0,15.0,10.0,9.0,13.0,12.0,19.0,16.0,21.0,10.0,15.0,8.0,12.0,8.0,8.0,16.0,15.0,13.0,18.0,25.0,11.0,16.0,11.0,12.0,13.0,8.0,9.0,12.0,9.0,13.0,9.0,17.0,13.0,11.0,13.0,10.0,13.0,9.0,16.0,10.0,11.0,11.0,15.0,12.0,11.0,9.0,13.0,20.0,14.0,15.0,8.0,15.0,13.0,17.0,7.0,12.0,15.0,15.0,14.0,12.0,13.0,21.0,19.0,16.0,16.0,16.0,19.0,19.0,22.0,13.0,11.0,13.0,17.0,12.0,22.0,18.0,12.0,14.0,15.0,13.0,12.0,8.0,14.0,12.0,20.0,13.0,10.0,16.0,12.0,12.0,21.0,14.0,13.0,15.0,13.0,17.0,16.0,14.0,12.0,18.0,9.0,16.0,10.0,14.0,20.0,15.0,17.0,15.0,11.0,12.0,15.0,14.0,11.0,12.0,21.0,10.0,9.0,8.0,14.0,14.0,12.0,15.0,10.0,19.0,15.0,5.0,6.0,17.0,12.0,16.0,9.0,16.0,11.0
134,17.0,14.0,20.0,20.0,22.0,27.0,29.0,17.0,22.0,23.0,17.0,14.0,23.0,14.0,24.0,24.0,15.0,18.0,26.0,20.0,21.0,18.0,20.0,17.0,29.0,17.0,18.0,18.0,26.0,25.0,27.0,28.0,25.0,24.0,36.0,20.0,8.0,17.0,17.0,22.0,22.0,22.0,18.0,26.0,18.0,17.0,26.0,19.0,12.0,21.0,18.0,15.0,21.0,22.0,21.0,25.0,21.0,16.0,18.0,24.0,23.0,21.0,16.0,26.0,22.0,19.0,28.0,27.0,20.0,18.0,20.0,20.0,18.0,23.0,17.0,25.0,16.0,18.0,22.0,15.0,23.0,21.0,19.0,23.0,21.0,24.0,22.0,16.0,11.0,16.0,23.0,12.0,26.0,20.0,18.0,14.0,13.0,23.0,19.0,15.0,13.0,20.0,23.0,22.0,24.0,13.0,28.0,18.0,9.0,14.0,17.0,19.0,16.0,17.0,11.0,16.0,17.0,17.0,23.0,13.0,22.0,32.0,23.0,13.0,18.0,21.0,26.0,29.0,24.0,20.0,24.0,19.0,12.0,28.0,21.0,20.0,20.0,22.0,19.0,23.0,16.0,26.0,21.0,25.0,18.0,19.0,17.0,24.0,18.0,18.0,17.0,15.0,20.0,20.0,13.0,14.0,17.0,22.0,19.0,14.0,18.0,15.0,28.0,19.0,26.0,23.0,25.0,18.0,30.0,16.0,31.0,18.0,15.0,20.0,25.0,18.0,20.0,17.0,18.0,19.0,15.0,24.0,21.0,19.0,12.0,16.0,12.0,26.0,16.0,24.0,19.0,23.0,21.0,18.0,22.0,12.0,25.0,25.0,26.0,17.0
139,31.0,19.0,29.0,28.0,27.0,30.0,22.0,31.0,33.0,31.0,27.0,27.0,30.0,25.0,41.0,30.0,25.0,33.0,26.0,21.0,30.0,31.0,32.0,19.0,27.0,25.0,30.0,29.0,35.0,27.0,39.0,36.0,22.0,28.0,26.0,19.0,29.0,24.0,28.0,29.0,32.0,26.0,30.0,23.0,24.0,25.0,21.0,30.0,28.0,28.0,23.0,17.0,26.0,19.0,30.0,28.0,32.0,42.0,22.0,21.0,35.0,38.0,32.0,35.0,28.0,30.0,27.0,28.0,33.0,29.0,29.0,30.0,37.0,26.0,29.0,29.0,30.0,31.0,23.0,23.0,40.0,36.0,24.0,29.0,24.0,24.0,26.0,25.0,22.0,32.0,37.0,29.0,22.0,31.0,31.0,32.0,23.0,27.0,34.0,20.0,22.0,26.0,39.0,23.0,22.0,24.0,27.0,21.0,38.0,38.0,28.0,26.0,23.0,30.0,29.0,26.0,32.0,23.0,28.0,26.0,32.0,42.0,29.0,26.0,27.0,25.0,26.0,23.0,32.0,15.0,29.0,24.0,26.0,25.0,29.0,34.0,22.0,23.0,21.0,33.0,27.0,29.0,29.0,37.0,28.0,26.0,29.0,32.0,29.0,32.0,21.0,28.0,35.0,21.0,25.0,33.0,17.0,31.0,30.0,24.0,31.0,25.0,25.0,30.0,27.0,24.0,24.0,39.0,28.0,40.0,26.0,25.0,26.0,18.0,26.0,30.0,36.0,23.0,28.0,31.0,34.0,38.0,27.0,21.0,30.0,40.0,25.0,28.0,22.0,26.0,28.0,33.0,30.0,32.0,34.0,18.0,29.0,35.0,23.0,27.0
144,22.0,37.0,19.0,33.0,25.0,31.0,21.0,32.0,44.0,33.0,37.0,30.0,38.0,38.0,28.0,26.0,31.0,33.0,28.0,22.0,37.0,41.0,28.0,24.0,32.0,26.0,35.0,35.0,31.0,34.0,35.0,27.0,34.0,31.0,32.0,38.0,34.0,38.0,30.0,40.0,31.0,28.0,41.0,28.0,31.0,32.0,26.0,32.0,33.0,35.0,46.0,26.0,31.0,30.0,44.0,40.0,32.0,36.0,35.0,34.0,25.0,35.0,30.0,28.0,31.0,32.0,30.0,36.0,35.0,34.0,37.0,32.0,41.0,29.0,37.0,29.0,32.0,37.0,26.0,30.0,26.0,33.0,44.0,40.0,32.0,23.0,40.0,30.0,32.0,31.0,36.0,29.0,37.0,24.0,34.0,33.0,23.0,32.0,30.0,20.0,26.0,22.0,21.0,29.0,28.0,30.0,31.0,18.0,33.0,39.0,47.0,22.0,28.0,33.0,24.0,32.0,34.0,36.0,36.0,32.0,37.0,38.0,43.0,31.0,35.0,31.0,23.0,38.0,36.0,39.0,42.0,43.0,35.0,40.0,35.0,23.0,31.0,41.0,25.0,24.0,30.0,31.0,36.0,27.0,32.0,26.0,35.0,39.0,27.0,30.0,30.0,26.0,38.0,27.0,38.0,29.0,31.0,31.0,30.0,31.0,24.0,36.0,25.0,35.0,36.0,33.0,28.0,24.0,28.0,37.0,28.0,22.0,36.0,27.0,35.0,36.0,23.0,40.0,23.0,28.0,21.0,43.0,28.0,29.0,34.0,29.0,38.0,37.0,28.0,47.0,33.0,20.0,31.0,32.0,48.0,23.0,29.0,41.0,23.0,31.0
149,51.0,50.0,51.0,48.0,49.0,56.0,47.0,41.0,53.0,45.0,54.0,53.0,40.0,32.0,52.0,55.0,44.0,58.0,43.0,41.0,51.0,47.0,40.0,56.0,49.0,45.0,47.0,52.0,37.0,55.0,43.0,50.0,42.0,53.0,36.0,40.0,66.0,57.0,47.0,44.0,49.0,43.0,42.0,40.0,49.0,39.0,52.0,41.0,41.0,44.0,43.0,59.0,55.0,43.0,41.0,53.0,49.0,34.0,50.0,49.0,37.0,46.0,42.0,47.0,44.0,46.0,49.0,47.0,37.0,51.0,52.0,40.0,51.0,49.0,49.0,48.0,48.0,45.0,47.0,44.0,48.0,52.0,31.0,44.0,36.0,46.0,32.0,49.0,36.0,44.0,35.0,46.0,50.0,38.0,40.0,41.0,43.0,34.0,45.0,35.0,29.0,38.0,42.0,48.0,47.0,46.0,44.0,45.0,42.0,33.0,30.0,44.0,36.0,44.0,42.0,45.0,49.0,45.0,48.0,41.0,49.0,44.0,49.0,49.0,53.0,38.0,45.0,57.0,44.0,59.0,45.0,51.0,39.0,44.0,43.0,46.0,60.0,39.0,43.0,46.0,39.0,39.0,49.0,57.0,40.0,44.0,51.0,54.0,51.0,41.0,53.0,27.0,50.0,58.0,46.0,53.0,46.0,47.0,39.0,50.0,62.0,47.0,40.0,47.0,60.0,53.0,59.0,52.0,49.0,53.0,48.0,41.0,42.0,48.0,45.0,56.0,51.0,52.0,48.0,40.0,41.0,42.0,52.0,43.0,40.0,41.0,42.0,46.0,39.0,55.0,58.0,44.0,34.0,37.0,46.0,46.0,45.0,36.0,37.0,49.0
154,32.0,46.0,47.0,38.0,47.0,43.0,58.0,44.0,44.0,42.0,33.0,58.0,49.0,51.0,52.0,50.0,48.0,45.0,43.0,38.0,54.0,51.0,37.0,42.0,51.0,51.0,53.0,47.0,59.0,47.0,58.0,37.0,45.0,44.0,58.0,50.0,51.0,55.0,44.0,46.0,41.0,48.0,44.0,45.0,44.0,49.0,45.0,50.0,56.0,39.0,46.0,49.0,51.0,43.0,42.0,59.0,60.0,43.0,43.0,48.0,57.0,51.0,55.0,33.0,39.0,39.0,47.0,44.0,48.0,42.0,44.0,39.0,49.0,48.0,40.0,46.0,40.0,45.0,43.0,44.0,34.0,43.0,52.0,42.0,43.0,48.0,40.0,41.0,51.0,38.0,47.0,45.0,28.0,48.0,41.0,46.0,42.0,47.0,29.0,42.0,35.0,52.0,36.0,34.0,42.0,37.0,53.0,44.0,49.0,55.0,43.0,43.0,45.0,49.0,44.0,45.0,43.0,44.0,36.0,31.0,46.0,45.0,51.0,46.0,54.0,48.0,53.0,55.0,60.0,46.0,52.0,46.0,50.0,49.0,37.0,54.0,40.0,50.0,48.0,51.0,36.0,40.0,45.0,35.0,44.0,45.0,52.0,50.0,46.0,51.0,42.0,45.0,38.0,56.0,54.0,50.0,42.0,56.0,43.0,43.0,51.0,41.0,49.0,43.0,52.0,53.0,43.0,52.0,46.0,41.0,49.0,52.0,59.0,45.0,53.0,43.0,36.0,55.0,58.0,48.0,51.0,38.0,47.0,45.0,45.0,50.0,62.0,42.0,68.0,45.0,52.0,56.0,35.0,44.0,47.0,59.0,50.0,44.0,52.0,54.0
159,69.0,77.0,49.0,77.0,74.0,71.0,64.0,58.0,68.0,68.0,59.0,62.0,56.0,68.0,75.0,66.0,48.0,55.0,77.0,63.0,60.0,78.0,53.0,60.0,62.0,60.0,58.0,70.0,62.0,76.0,57.0,60.0,59.0,71.0,79.0,66.0,52.0,61.0,73.0,64.0,82.0,76.0,66.0,70.0,62.0,75.0,60.0,70.0,59.0,55.0,59.0,62.0,67.0,59.0,56.0,57.0,76.0,57.0,77.0,66.0,51.0,53.0,54.0,65.0,60.0,64.0,69.0,60.0,73.0,58.0,61.0,71.0,63.0,62.0,62.0,62.0,55.0,73.0,69.0,48.0,57.0,54.0,59.0,51.0,51.0,43.0,70.0,67.0,66.0,67.0,63.0,62.0,69.0,68.0,55.0,46.0,54.0,75.0,42.0,52.0,47.0,44.0,68.0,54.0,48.0,52.0,59.0,57.0,51.0,62.0,59.0,43.0,62.0,57.0,60.0,50.0,61.0,54.0,68.0,54.0,55.0,65.0,60.0,55.0,64.0,57.0,62.0,54.0,63.0,49.0,65.0,57.0,54.0,79.0,64.0,64.0,57.0,68.0,57.0,55.0,60.0,45.0,53.0,80.0,62.0,72.0,64.0,74.0,55.0,60.0,67.0,73.0,90.0,66.0,55.0,73.0,74.0,61.0,65.0,46.0,67.0,54.0,84.0,64.0,56.0,66.0,78.0,67.0,61.0,73.0,53.0,59.0,59.0,69.0,57.0,65.0,67.0,63.0,56.0,69.0,63.0,65.0,55.0,66.0,69.0,69.0,67.0,62.0,64.0,65.0,52.0,74.0,75.0,71.0,58.0,59.0,73.0,69.0,78.0,61.0
164,105.0,82.0,86.0,114.0,93.0,79.0,74.0,97.0,95.0,106.0,67.0,93.0,90.0,86.0,86.0,76.0,90.0,104.0,88.0,70.0,96.0,85.0,78.0,94.0,75.0,105.0,72.0,84.0,84.0,84.0,89.0,88.0,104.0,84.0,100.0,92.0,91.0,71.0,73.0,80.0,79.0,93.0,85.0,91.0,100.0,95.0,72.0,90.0,97.0,94.0,94.0,81.0,72.0,86.0,100.0,99.0,77.0,97.0,87.0,80.0,83.0,82.0,83.0,73.0,87.0,86.0,85.0,87.0,101.0,67.0,67.0,84.0,69.0,74.0,77.0,86.0,78.0,75.0,97.0,85.0,80.0,80.0,74.0,87.0,66.0,72.0,90.0,68.0,67.0,86.0,82.0,80.0,59.0,81.0,90.0,89.0,65.0,76.0,80.0,71.0,68.0,70.0,72.0,72.0,69.0,83.0,85.0,73.0,72.0,80.0,77.0,82.0,61.0,80.0,91.0,86.0,58.0,89.0,93.0,82.0,80.0,85.0,75.0,83.0,105.0,74.0,89.0,82.0,84.0,102.0,78.0,96.0,88.0,84.0,101.0,86.0,98.0,84.0,90.0,91.0,90.0,78.0,86.0,85.0,77.0,87.0,84.0,84.0,90.0,88.0,76.0,85.0,88.0,85.0,95.0,90.0,78.0,75.0,99.0,75.0,77.0,76.0,89.0,79.0,75.0,80.0,70.0,99.0,100.0,65.0,79.0,86.0,87.0,93.0,100.0,74.0,78.0,72.0,87.0,93.0,88.0,80.0,78.0,99.0,77.0,101.0,79.0,91.0,82.0,73.0,104.0,88.0,76.0,88.0,83.0,80.0,75.0,77.0,98.0,104.0
169,73.0,88.0,73.0,79.0,67.0,61.0,58.0,48.0,72.0,78.0,56.0,80.0,63.0,56.0,69.0,62.0,79.0,69.0,67.0,80.0,83.0,64.0,55.0,64.0,76.0,63.0,82.0,65.0,79.0,70.0,64.0,82.0,75.0,63.0,77.0,70.0,89.0,73.0,62.0,80.0,67.0,58.0,63.0,72.0,77.0,81.0,74.0,74.0,78.0,77.0,72.0,76.0,65.0,82.0,70.0,68.0,61.0,75.0,65.0,64.0,59.0,75.0,68.0,91.0,45.0,60.0,76.0,80.0,69.0,70.0,65.0,63.0,70.0,67.0,72.0,71.0,66.0,80.0,77.0,76.0,55.0,55.0,73.0,64.0,64.0,54.0,60.0,49.0,50.0,58.0,58.0,56.0,56.0,70.0,57.0,57.0,59.0,68.0,53.0,48.0,72.0,61.0,69.0,72.0,51.0,74.0,80.0,66.0,69.0,78.0,62.0,67.0,67.0,73.0,74.0,62.0,71.0,71.0,65.0,68.0,59.0,57.0,54.0,71.0,70.0,61.0,68.0,75.0,88.0,63.0,67.0,59.0,68.0,72.0,64.0,80.0,80.0,65.0,68.0,60.0,59.0,73.0,83.0,69.0,76.0,69.0,63.0,79.0,81.0,69.0,74.0,71.0,68.0,82.0,80.0,73.0,68.0,63.0,75.0,80.0,78.0,82.0,68.0,79.0,77.0,82.0,85.0,66.0,60.0,73.0,66.0,62.0,83.0,73.0,75.0,72.0,57.0,67.0,74.0,70.0,68.0,64.0,63.0,73.0,58.0,79.0,68.0,78.0,77.0,71.0,66.0,78.0,85.0,67.0,79.0,56.0,69.0,83.0,76.0,67.0
174,62.0,60.0,50.0,55.0,46.0,67.0,59.0,56.0,50.0,56.0,53.0,66.0,63.0,59.0,46.0,54.0,59.0,54.0,58.0,50.0,63.0,69.0,71.0,41.0,56.0,57.0,45.0,49.0,65.0,51.0,50.0,70.0,38.0,51.0,57.0,46.0,64.0,41.0,56.0,71.0,67.0,65.0,52.0,72.0,63.0,56.0,44.0,64.0,61.0,79.0,58.0,63.0,60.0,46.0,52.0,49.0,57.0,58.0,65.0,69.0,43.0,48.0,61.0,43.0,59.0,65.0,68.0,60.0,57.0,60.0,55.0,45.0,56.0,52.0,57.0,49.0,48.0,60.0,55.0,42.0,70.0,51.0,39.0,68.0,56.0,50.0,52.0,49.0,60.0,60.0,44.0,53.0,62.0,51.0,60.0,50.0,50.0,60.0,41.0,52.0,40.0,44.0,61.0,39.0,60.0,45.0,55.0,54.0,45.0,46.0,44.0,44.0,54.0,56.0,49.0,58.0,51.0,50.0,44.0,53.0,58.0,57.0,64.0,60.0,66.0,54.0,52.0,56.0,54.0,52.0,49.0,60.0,52.0,50.0,54.0,65.0,59.0,56.0,65.0,59.0,40.0,57.0,58.0,46.0,58.0,55.0,70.0,62.0,71.0,63.0,57.0,48.0,55.0,51.0,49.0,56.0,47.0,52.0,64.0,53.0,60.0,51.0,54.0,43.0,57.0,60.0,57.0,65.0,57.0,52.0,58.0,61.0,54.0,56.0,62.0,68.0,58.0,57.0,64.0,69.0,54.0,54.0,56.0,60.0,44.0,52.0,60.0,44.0,60.0,75.0,58.0,56.0,63.0,55.0,54.0,52.0,60.0,65.0,55.0,50.0
179,35.0,43.0,38.0,25.0,44.0,37.0,32.0,35.0,42.0,37.0,33.0,35.0,32.0,37.0,32.0,35.0,29.0,37.0,49.0,34.0,40.0,35.0,43.0,46.0,41.0,24.0,39.0,35.0,34.0,31.0,37.0,40.0,35.0,35.0,36.0,28.0,34.0,42.0,44.0,36.0,45.0,33.0,39.0,33.0,33.0,34.0,34.0,33.0,40.0,34.0,33.0,46.0,46.0,34.0,36.0,30.0,41.0,39.0,48.0,45.0,36.0,36.0,39.0,32.0,36.0,29.0,39.0,35.0,46.0,45.0,39.0,31.0,35.0,38.0,38.0,37.0,42.0,29.0,27.0,39.0,28.0,29.0,46.0,29.0,32.0,29.0,37.0,40.0,34.0,39.0,32.0,34.0,35.0,32.0,28.0,35.0,28.0,38.0,40.0,28.0,32.0,33.0,38.0,36.0,33.0,31.0,27.0,30.0,27.0,33.0,31.0,37.0,38.0,37.0,42.0,27.0,34.0,33.0,43.0,30.0,31.0,42.0,37.0,34.0,39.0,45.0,26.0,41.0,27.0,36.0,28.0,39.0,38.0,29.0,32.0,37.0,30.0,45.0,33.0,34.0,37.0,32.0,25.0,38.0,32.0,35.0,33.0,43.0,39.0,42.0,34.0,40.0,41.0,37.0,36.0,32.0,33.0,33.0,26.0,35.0,31.0,34.0,28.0,33.0,45.0,27.0,42.0,34.0,33.0,33.0,40.0,30.0,44.0,32.0,37.0,38.0,42.0,42.0,46.0,33.0,44.0,42.0,38.0,33.0,54.0,32.0,27.0,25.0,41.0,45.0,41.0,33.0,42.0,33.0,41.0,38.0,49.0,41.0,44.0,27.0
184,25.0,39.0,18.0,30.0,23.0,25.0,18.0,25.0,27.0,28.0,26.0,18.0,33.0,27.0,22.0,24.0,25.0,20.0,21.0,18.0,25.0,31.0,30.0,23.0,26.0,24.0,30.0,36.0,23.0,21.0,25.0,29.0,25.0,33.0,27.0,21.0,17.0,22.0,35.0,25.0,30.0,33.0,23.0,29.0,29.0,17.0,20.0,30.0,27.0,23.0,21.0,20.0,22.0,29.0,33.0,33.0,31.0,26.0,33.0,30.0,23.0,31.0,30.0,18.0,24.0,24.0,23.0,25.0,25.0,29.0,22.0,19.0,30.0,25.0,29.0,30.0,18.0,28.0,28.0,27.0,22.0,30.0,30.0,17.0,25.0,30.0,18.0,16.0,23.0,21.0,13.0,23.0,26.0,26.0,20.0,21.0,13.0,34.0,17.0,20.0,27.0,24.0,33.0,26.0,20.0,29.0,33.0,24.0,20.0,29.0,25.0,24.0,18.0,27.0,24.0,24.0,17.0,24.0,23.0,20.0,32.0,29.0,14.0,25.0,23.0,21.0,27.0,31.0,24.0,22.0,20.0,22.0,19.0,28.0,18.0,25.0,26.0,30.0,25.0,29.0,35.0,22.0,26.0,25.0,29.0,24.0,23.0,33.0,28.0,32.0,22.0,25.0,22.0,26.0,22.0,32.0,33.0,25.0,25.0,27.0,27.0,12.0,24.0,27.0,19.0,26.0,20.0,26.0,27.0,34.0,27.0,29.0,36.0,28.0,28.0,14.0,26.0,32.0,26.0,33.0,29.0,31.0,20.0,25.0,23.0,25.0,33.0,23.0,15.0,31.0,24.0,25.0,26.0,26.0,25.0,24.0,26.0,25.0,27.0,29.0
189,21.0,17.0,23.0,17.0,16.0,18.0,23.0,20.0,19.0,16.0,25.0,27.0,26.0,22.0,25.0,25.0,16.0,30.0,19.0,18.0,13.0,28.0,21.0,18.0,20.0,19.0,22.0,22.0,10.0,18.0,20.0,24.0,18.0,29.0,12.0,18.0,17.0,13.0,18.0,16.0,19.0,14.0,23.0,19.0,15.0,19.0,15.0,15.0,14.0,13.0,17.0,19.0,18.0,22.0,25.0,15.0,19.0,22.0,17.0,10.0,12.0,15.0,18.0,15.0,14.0,15.0,15.0,16.0,15.0,12.0,12.0,23.0,15.0,8.0,13.0,11.0,13.0,17.0,13.0,13.0,10.0,25.0,14.0,12.0,20.0,14.0,18.0,12.0,13.0,15.0,10.0,14.0,18.0,11.0,13.0,17.0,15.0,19.0,10.0,14.0,10.0,24.0,21.0,18.0,12.0,13.0,12.0,16.0,11.0,11.0,14.0,16.0,18.0,15.0,18.0,9.0,27.0,10.0,17.0,15.0,22.0,17.0,19.0,16.0,14.0,16.0,15.0,20.0,13.0,18.0,17.0,19.0,13.0,12.0,21.0,17.0,23.0,7.0,23.0,12.0,21.0,24.0,14.0,13.0,16.0,19.0,13.0,16.0,17.0,20.0,18.0,20.0,15.0,20.0,16.0,21.0,12.0,12.0,18.0,14.0,16.0,25.0,16.0,18.0,10.0,13.0,19.0,18.0,19.0,20.0,26.0,20.0,20.0,24.0,16.0,18.0,23.0,17.0,17.0,15.0,15.0,19.0,10.0,26.0,15.0,10.0,24.0,19.0,20.0,18.0,21.0,15.0,18.0,16.0,19.0,23.0,14.0,15.0,20.0,28.0
194,5.0,10.0,15.0,13.0,14.0,17.0,14.0,12.0,7.0,10.0,10.0,13.0,11.0,6.0,8.0,10.0,13.0,8.0,12.0,16.0,7.0,11.0,9.0,9.0,7.0,9.0,12.0,15.0,16.0,9.0,12.0,8.0,11.0,14.0,16.0,8.0,14.0,8.0,7.0,14.0,13.0,8.0,12.0,7.0,9.0,9.0,13.0,12.0,13.0,12.0,14.0,11.0,10.0,13.0,17.0,8.0,11.0,11.0,16.0,16.0,14.0,13.0,9.0,14.0,11.0,16.0,11.0,15.0,11.0,12.0,16.0,10.0,11.0,9.0,13.0,14.0,10.0,11.0,3.0,13.0,11.0,9.0,10.0,16.0,15.0,9.0,9.0,8.0,4.0,15.0,18.0,15.0,8.0,10.0,16.0,11.0,11.0,12.0,15.0,10.0,12.0,11.0,15.0,10.0,17.0,11.0,17.0,12.0,6.0,12.0,10.0,10.0,9.0,11.0,9.0,13.0,17.0,12.0,17.0,8.0,11.0,7.0,11.0,11.0,13.0,11.0,15.0,8.0,9.0,13.0,9.0,12.0,13.0,12.0,10.0,14.0,18.0,11.0,9.0,10.0,10.0,8.0,15.0,16.0,7.0,8.0,10.0,18.0,24.0,10.0,9.0,17.0,15.0,10.0,9.0,8.0,18.0,8.0,15.0,12.0,13.0,8.0,10.0,7.0,16.0,12.0,14.0,11.0,11.0,11.0,13.0,10.0,12.0,11.0,15.0,14.0,17.0,16.0,11.0,7.0,12.0,18.0,16.0,15.0,11.0,13.0,11.0,14.0,5.0,13.0,12.0,9.0,16.0,14.0,15.0,8.0,12.0,11.0,16.0,9.0
199,5.0,7.0,9.0,10.0,10.0,10.0,9.0,9.0,12.0,10.0,8.0,5.0,9.0,8.0,13.0,11.0,19.0,7.0,10.0,5.0,10.0,7.0,13.0,8.0,11.0,6.0,2.0,8.0,6.0,8.0,8.0,10.0,10.0,12.0,9.0,7.0,9.0,6.0,10.0,13.0,6.0,9.0,6.0,10.0,12.0,10.0,7.0,11.0,10.0,13.0,11.0,12.0,8.0,9.0,5.0,7.0,11.0,7.0,14.0,12.0,15.0,6.0,9.0,13.0,9.0,9.0,14.0,10.0,6.0,7.0,12.0,8.0,11.0,4.0,13.0,13.0,10.0,8.0,7.0,12.0,10.0,7.0,4.0,7.0,14.0,7.0,8.0,4.0,8.0,7.0,7.0,13.0,6.0,10.0,13.0,10.0,8.0,6.0,15.0,18.0,9.0,12.0,9.0,7.0,8.0,11.0,6.0,11.0,7.0,8.0,6.0,15.0,5.0,10.0,4.0,5.0,12.0,10.0,7.0,12.0,6.0,9.0,9.0,11.0,11.0,10.0,9.0,10.0,9.0,10.0,15.0,12.0,11.0,11.0,10.0,8.0,11.0,10.0,6.0,6.0,14.0,6.0,9.0,11.0,9.0,10.0,7.0,11.0,10.0,9.0,6.0,8.0,12.0,10.0,9.0,8.0,9.0,9.0,8.0,7.0,13.0,11.0,13.0,16.0,5.0,5.0,12.0,9.0,7.0,9.0,12.0,11.0,13.0,7.0,13.0,11.0,7.0,8.0,9.0,15.0,10.0,8.0,11.0,14.0,7.0,10.0,14.0,10.0,5.0,11.0,11.0,11.0,11.0,8.0,7.0,8.0,13.0,6.0,10.0,10.0
204,7.0,6.0,8.0,10.0,3.0,5.0,8.0,6.0,6.0,3.0,6.0,9.0,8.0,4.0,11.0,7.0,8.0,9.0,7.0,7.0,6.0,8.0,6.0,5.0,6.0,9.0,4.0,7.0,10.0,4.0,6.0,10.0,7.0,3.0,8.0,9.0,9.0,5.0,8.0,5.0,7.0,2.0,3.0,4.0,5.0,5.0,5.0,4.0,6.0,8.0,7.0,7.0,12.0,9.0,9.0,6.0,9.0,4.0,7.0,5.0,4.0,7.0,8.0,11.0,7.0,5.0,6.0,5.0,5.0,11.0,9.0,3.0,4.0,5.0,9.0,4.0,6.0,2.0,5.0,5.0,8.0,9.0,0.0,6.0,3.0,4.0,7.0,7.0,9.0,10.0,3.0,9.0,5.0,7.0,5.0,5.0,10.0,7.0,5.0,2.0,9.0,13.0,9.0,6.0,6.0,2.0,5.0,5.0,9.0,10.0,7.0,8.0,4.0,2.0,5.0,4.0,7.0,3.0,5.0,9.0,4.0,7.0,6.0,0.0,7.0,5.0,8.0,7.0,8.0,5.0,3.0,7.0,9.0,5.0,6.0,7.0,5.0,10.0,6.0,5.0,10.0,11.0,3.0,7.0,10.0,7.0,7.0,8.0,8.0,11.0,9.0,8.0,3.0,3.0,5.0,6.0,4.0,5.0,4.0,8.0,9.0,8.0,2.0,10.0,8.0,8.0,4.0,6.0,5.0,13.0,8.0,10.0,8.0,7.0,7.0,8.0,8.0,6.0,8.0,6.0,6.0,9.0,10.0,9.0,3.0,12.0,3.0,5.0,6.0,3.0,6.0,5.0,5.0,6.0,7.0,3.0,8.0,9.0,12.0,3.0
209,6.0,2.0,3.0,2.0,6.0,6.0,5.0,3.0,5.0,4.0,4.0,3.0,3.0,5.0,4.0,5.0,3.0,5.0,6.0,5.0,5.0,2.0,7.0,7.0,7.0,1.0,4.0,2.0,4.0,7.0,6.0,7.0,6.0,3.0,8.0,4.0,4.0,5.0,5.0,3.0,3.0,5.0,6.0,9.0,5.0,5.0,11.0,5.0,5.0,7.0,5.0,5.0,3.0,5.0,5.0,5.0,4.0,8.0,9.0,7.0,6.0,3.0,6.0,2.0,3.0,3.0,1.0,7.0,4.0,3.0,3.0,1.0,5.0,2.0,5.0,2.0,6.0,6.0,8.0,6.0,3.0,4.0,9.0,6.0,2.0,6.0,7.0,2.0,8.0,3.0,7.0,2.0,12.0,4.0,3.0,3.0,6.0,7.0,4.0,9.0,8.0,7.0,3.0,1.0,6.0,2.0,9.0,3.0,6.0,4.0,5.0,3.0,3.0,8.0,6.0,8.0,3.0,3.0,2.0,1.0,7.0,1.0,4.0,2.0,6.0,1.0,10.0,8.0,5.0,8.0,5.0,2.0,8.0,5.0,3.0,4.0,3.0,6.0,2.0,5.0,6.0,3.0,6.0,3.0,10.0,4.0,6.0,4.0,4.0,7.0,5.0,9.0,6.0,6.0,5.0,5.0,3.0,3.0,4.0,0.0,5.0,3.0,4.0,2.0,7.0,3.0,5.0,2.0,4.0,8.0,2.0,6.0,8.0,2.0,1.0,3.0,3.0,7.0,8.0,5.0,4.0,1.0,5.0,4.0,3.0,2.0,4.0,4.0,7.0,2.0,3.0,4.0,5.0,6.0,8.0,5.0,4.0,7.0,4.0,5.0
214,3.0,5.0,5.0,1.0,3.0,6.0,4.0,3.0,5.0,1.0,4.0,1.0,3.0,4.0,6.0,4.0,8.0,5.0,2.0,3.0,0.0,5.0,4.0,2.0,8.0,3.0,3.0,6.0,1.0,2.0,6.0,2.0,5.0,1.0,6.0,2.0,3.0,5.0,5.0,7.0,6.0,6.0,2.0,4.0,2.0,3.0,3.0,4.0,5.0,6.0,6.0,3.0,5.0,2.0,2.0,5.0,2.0,7.0,2.0,3.0,5.0,4.0,1.0,5.0,5.0,6.0,1.0,3.0,2.0,3.0,5.0,0.0,4.0,3.0,3.0,1.0,3.0,7.0,6.0,1.0,5.0,3.0,4.0,3.0,5.0,2.0,2.0,4.0,3.0,2.0,2.0,1.0,5.0,3.0,6.0,4.0,5.0,7.0,3.0,3.0,2.0,4.0,8.0,8.0,2.0,4.0,2.0,2.0,2.0,2.0,2.0,4.0,2.0,1.0,4.0,5.0,3.0,4.0,3.0,3.0,5.0,3.0,3.0,5.0,5.0,2.0,5.0,3.0,4.0,4.0,4.0,2.0,3.0,2.0,3.0,4.0,0.0,3.0,2.0,4.0,5.0,3.0,2.0,5.0,6.0,4.0,4.0,7.0,5.0,9.0,5.0,5.0,3.0,5.0,3.0,4.0,4.0,6.0,2.0,2.0,7.0,5.0,5.0,5.0,2.0,3.0,3.0,4.0,3.0,0.0,4.0,4.0,2.0,3.0,1.0,3.0,5.0,2.0,5.0,2.0,3.0,1.0,7.0,3.0,2.0,2.0,4.0,5.0,0.0,5.0,4.0,3.0,3.0,4.0,3.0,2.0,4.0,5.0,2.0,4.0
219,4.0,6.0,1.0,4.0,6.0,3.0,2.0,3.0,6.0,2.0,6.0,4.0,3.0,4.0,4.0,4.0,3.0,1.0,4.0,4.0,2.0,2.0,4.0,4.0,4.0,3.0,2.0,5.0,3.0,3.0,2.0,1.0,1.0,4.0,2.0,6.0,4.0,2.0,2.0,1.0,3.0,2.0,2.0,1.0,4.0,2.0,6.0,5.0,0.0,4.0,4.0,4.0,2.0,6.0,2.0,1.0,1.0,0.0,2.0,4.0,5.0,5.0,2.0,2.0,2.0,2.0,3.0,5.0,4.0,3.0,5.0,3.0,2.0,3.0,2.0,7.0,2.0,5.0,3.0,0.0,4.0,4.0,2.0,5.0,4.0,2.0,2.0,3.0,1.0,3.0,7.0,4.0,1.0,4.0,4.0,2.0,4.0,3.0,3.0,4.0,6.0,5.0,4.0,4.0,4.0,2.0,2.0,5.0,3.0,2.0,3.0,4.0,3.0,2.0,1.0,6.0,2.0,4.0,1.0,0.0,4.0,2.0,3.0,3.0,4.0,4.0,0.0,1.0,1.0,5.0,0.0,7.0,3.0,3.0,5.0,4.0,3.0,6.0,3.0,0.0,4.0,2.0,4.0,2.0,1.0,3.0,2.0,6.0,6.0,7.0,3.0,2.0,4.0,1.0,0.0,2.0,6.0,1.0,4.0,7.0,4.0,1.0,1.0,2.0,2.0,4.0,4.0,3.0,2.0,4.0,3.0,4.0,1.0,2.0,5.0,1.0,5.0,0.0,5.0,2.0,3.0,5.0,3.0,1.0,4.0,2.0,1.0,2.0,5.0,4.0,1.0,0.0,4.0,8.0,2.0,5.0,2.0,4.0,0.0,4.0
224,3.0,4.0,2.0,1.0,4.0,1.0,1.0,3.0,2.0,1.0,1.0,3.0,1.0,2.0,3.0,2.0,1.0,1.0,2.0,3.0,0.0,3.0,5.0,1.0,2.0,2.0,1.0,2.0,3.0,1.0,1.0,8.0,7.0,1.0,3.0,2.0,4.0,2.0,5.0,2.0,1.0,2.0,3.0,3.0,2.0,4.0,2.0,4.0,4.0,4.0,2.0,2.0,3.0,1.0,5.0,4.0,3.0,3.0,2.0,4.0,4.0,2.0,6.0,1.0,4.0,1.0,6.0,3.0,8.0,3.0,3.0,6.0,2.0,3.0,3.0,2.0,1.0,3.0,4.0,4.0,7.0,1.0,1.0,1.0,4.0,3.0,1.0,3.0,5.0,3.0,1.0,1.0,2.0,3.0,2.0,4.0,0.0,11.0,3.0,3.0,4.0,4.0,8.0,1.0,4.0,2.0,0.0,4.0,3.0,3.0,3.0,2.0,4.0,2.0,4.0,2.0,3.0,0.0,1.0,4.0,1.0,3.0,2.0,4.0,5.0,1.0,3.0,2.0,2.0,2.0,4.0,3.0,1.0,0.0,2.0,5.0,1.0,3.0,4.0,2.0,0.0,1.0,1.0,1.0,3.0,2.0,1.0,3.0,2.0,3.0,4.0,5.0,3.0,2.0,2.0,1.0,2.0,5.0,2.0,1.0,5.0,4.0,6.0,3.0,2.0,5.0,1.0,2.0,0.0,0.0,1.0,3.0,2.0,2.0,2.0,2.0,2.0,2.0,2.0,2.0,2.0,1.0,1.0,3.0,2.0,0.0,0.0,2.0,2.0,1.0,2.0,1.0,1.0,4.0,4.0,1.0,0.0,2.0,2.0,3.0
229,1.0,2.0,4.0,5.0,2.0,0.0,4.0,2.0,3.0,1.0,4.0,2.0,1.0,4.0,1.0,3.0,3.0,2.0,3.0,3.0,3.0,2.0,6.0,2.0,4.0,3.0,2.0,1.0,1.0,1.0,2.0,4.0,2.0,1.0,6.0,2.0,5.0,0.0,1.0,1.0,2.0,6.0,2.0,1.0,2.0,1.0,1.0,2.0,4.0,0.0,2.0,4.0,3.0,0.0,3.0,1.0,2.0,1.0,3.0,2.0,4.0,2.0,3.0,2.0,4.0,5.0,3.0,4.0,6.0,0.0,3.0,1.0,0.0,5.0,1.0,1.0,3.0,1.0,1.0,4.0,5.0,2.0,1.0,7.0,2.0,3.0,5.0,0.0,1.0,0.0,5.0,2.0,3.0,1.0,5.0,4.0,5.0,5.0,5.0,2.0,7.0,1.0,2.0,6.0,2.0,2.0,4.0,2.0,2.0,2.0,3.0,1.0,2.0,6.0,4.0,1.0,4.0,3.0,2.0,3.0,2.0,3.0,1.0,5.0,4.0,3.0,3.0,2.0,5.0,3.0,3.0,0.0,3.0,6.0,3.0,2.0,2.0,0.0,0.0,1.0,4.0,2.0,1.0,1.0,2.0,2.0,2.0,1.0,0.0,2.0,2.0,2.0,1.0,4.0,0.0,1.0,7.0,0.0,2.0,2.0,0.0,3.0,5.0,4.0,2.0,1.0,2.0,1.0,2.0,1.0,3.0,4.0,4.0,4.0,0.0,1.0,1.0,1.0,1.0,3.0,4.0,4.0,2.0,0.0,0.0,2.0,2.0,0.0,1.0,1.0,1.0,1.0,5.0,0.0,1.0,2.0,3.0,5.0,0.0,4.0
234,3.0,2.0,1.0,2.0,3.0,0.0,3.0,5.0,3.0,1.0,3.0,5.0,2.0,1.0,5.0,1.0,2.0,1.0,2.0,1.0,3.0,3.0,0.0,3.0,1.0,1.0,3.0,1.0,1.0,1.0,3.0,2.0,3.0,2.0,1.0,4.0,1.0,4.0,3.0,1.0,0.0,1.0,0.0,1.0,5.0,1.0,2.0,1.0,1.0,5.0,3.0,2.0,1.0,6.0,2.0,3.0,3.0,7.0,4.0,1.0,2.0,2.0,0.0,1.0,1.0,3.0,3.0,1.0,3.0,4.0,4.0,3.0,3.0,3.0,2.0,1.0,4.0,1.0,6.0,1.0,1.0,4.0,1.0,3.0,1.0,0.0,2.0,2.0,1.0,5.0,6.0,2.0,1.0,4.0,1.0,4.0,3.0,5.0,1.0,0.0,2.0,2.0,1.0,4.0,2.0,0.0,4.0,3.0,0.0,0.0,2.0,1.0,4.0,1.0,2.0,3.0,5.0,3.0,3.0,2.0,1.0,2.0,3.0,5.0,3.0,3.0,3.0,3.0,2.0,2.0,4.0,4.0,3.0,2.0,4.0,5.0,1.0,1.0,2.0,3.0,0.0,4.0,2.0,2.0,4.0,4.0,3.0,3.0,3.0,2.0,1.0,3.0,1.0,2.0,3.0,2.0,0.0,1.0,3.0,4.0,2.0,4.0,3.0,3.0,0.0,2.0,1.0,0.0,2.0,1.0,1.0,2.0,2.0,2.0,3.0,0.0,3.0,4.0,0.0,1.0,0.0,5.0,3.0,0.0,1.0,6.0,3.0,1.0,1.0,0.0,2.0,4.0,3.0,3.0,1.0,1.0,5.0,3.0,2.0,2.0
239,0.0,2.0,1.0,3.0,3.0,1.0,4.0,1.0,3.0,3.0,1.0,4.0,4.0,4.0,2.0,3.0,1.0,3.0,2.0,1.0,3.0,3.0,4.0,2.0,2.0,0.0,1.0,2.0,1.0,5.0,4.0,0.0,2.0,2.0,2.0,0.0,3.0,3.0,4.0,3.0,2.0,2.0,1.0,5.0,2.0,3.0,1.0,3.0,4.0,0.0,2.0,1.0,2.0,3.0,2.0,1.0,4.0,2.0,3.0,2.0,2.0,1.0,2.0,1.0,3.0,3.0,1.0,5.0,3.0,2.0,1.0,3.0,4.0,5.0,5.0,4.0,1.0,1.0,4.0,1.0,3.0,3.0,3.0,2.0,0.0,4.0,1.0,0.0,1.0,2.0,3.0,3.0,1.0,3.0,1.0,4.0,3.0,4.0,3.0,3.0,3.0,0.0,0.0,2.0,2.0,3.0,5.0,0.0,4.0,2.0,2.0,5.0,2.0,3.0,2.0,1.0,4.0,1.0,4.0,3.0,0.0,5.0,2.0,4.0,3.0,1.0,4.0,1.0,0.0,1.0,1.0,4.0,3.0,4.0,1.0,1.0,2.0,3.0,0.0,0.0,5.0,2.0,1.0,0.0,4.0,3.0,2.0,1.0,4.0,2.0,1.0,2.0,2.0,4.0,5.0,1.0,3.0,1.0,1.0,4.0,1.0,4.0,0.0,2.0,1.0,2.0,1.0,2.0,0.0,2.0,4.0,1.0,2.0,3.0,5.0,3.0,4.0,4.0,1.0,1.0,1.0,3.0,3.0,3.0,0.0,3.0,3.0,0.0,3.0,3.0,4.0,4.0,0.0,2.0,2.0,1.0,2.0,3.0,2.0,1.0
244,1.0,1.0,5.0,3.0,4.0,2.0,4.0,4.0,3.0,1.0,4.0,0.0,1.0,3.0,4.0,5.0,0.0,1.0,0.0,1.0,3.0,0.0,1.0,3.0,0.0,2.0,2.0,2.0,5.0,0.0,3.0,5.0,1.0,6.0,5.0,3.0,1.0,0.0,3.0,1.0,1.0,3.0,1.0,2.0,0.0,3.0,2.0,5.0,1.0,2.0,0.0,1.0,4.0,5.0,0.0,2.0,4.0,3.0,1.0,4.0,4.0,2.0,2.0,5.0,4.0,3.0,1.0,2.0,1.0,2.0,0.0,2.0,2.0,3.0,2.0,4.0,3.0,1.0,1.0,1.0,0.0,1.0,3.0,3.0,0.0,2.0,3.0,6.0,1.0,5.0,4.0,2.0,4.0,1.0,5.0,2.0,1.0,4.0,2.0,3.0,3.0,0.0,3.0,1.0,1.0,0.0,1.0,1.0,1.0,2.0,0.0,2.0,0.0,3.0,0.0,4.0,2.0,4.0,2.0,2.0,2.0,2.0,1.0,1.0,1.0,2.0,0.0,1.0,3.0,1.0,2.0,2.0,1.0,3.0,1.0,2.0,2.0,2.0,0.0,1.0,1.0,1.0,4.0,2.0,3.0,2.0,4.0,4.0,0.0,2.0,1.0,3.0,1.0,3.0,1.0,3.0,0.0,1.0,3.0,5.0,4.0,3.0,1.0,3.0,1.0,2.0,1.0,3.0,2.0,1.0,1.0,2.0,1.0,2.0,0.0,0.0,3.0,3.0,2.0,2.0,0.0,1.0,3.0,1.0,0.0,1.0,0.0,2.0,2.0,1.0,2.0,3.0,1.0,1.0,2.0,0.0,0.0,1.0,1.0,0.0
249,3.0,3.0,0.0,1.0,3.0,1.0,4.0,0.0,1.0,3.0,2.0,2.0,0.0,3.0,4.0,2.0,5.0,3.0,2.0,4.0,1.0,1.0,2.0,4.0,2.0,1.0,2.0,1.0,1.0,1.0,1.0,4.0,2.0,2.0,3.0,1.0,2.0,0.0,3.0,3.0,2.0,2.0,2.0,1.0,2.0,2.0,2.0,7.0,1.0,1.0,4.0,4.0,1.0,2.0,3.0,4.0,1.0,2.0,3.0,1.0,2.0,1.0,0.0,4.0,5.0,0.0,1.0,3.0,3.0,0.0,4.0,1.0,2.0,1.0,2.0,2.0,3.0,1.0,2.0,2.0,1.0,4.0,0.0,0.0,1.0,0.0,2.0,0.0,2.0,2.0,2.0,2.0,3.0,3.0,5.0,4.0,2.0,5.0,4.0,0.0,1.0,3.0,2.0,1.0,4.0,0.0,2.0,2.0,1.0,1.0,3.0,2.0,2.0,3.0,1.0,4.0,3.0,2.0,1.0,1.0,1.0,3.0,2.0,3.0,8.0,1.0,1.0,2.0,3.0,1.0,1.0,4.0,3.0,1.0,4.0,2.0,0.0,1.0,0.0,1.0,2.0,3.0,5.0,2.0,2.0,5.0,1.0,1.0,1.0,0.0,4.0,3.0,0.0,3.0,3.0,1.0,4.0,3.0,0.0,3.0,4.0,0.0,2.0,2.0,3.0,2.0,0.0,2.0,4.0,2.0,2.0,6.0,4.0,2.0,1.0,1.0,0.0,2.0,6.0,2.0,1.0,4.0,3.0,3.0,1.0,0.0,1.0,0.0,5.0,2.0,2.0,1.0,3.0,2.0,1.0,4.0,2.0,4.0,3.0,3.0
254,1.0,6.0,1.0,2.0,3.0,5.0,3.0,1.0,3.0,5.0,4.0,3.0,2.0,3.0,0.0,0.0,2.0,5.0,4.0,0.0,1.0,6.0,0.0,3.0,2.0,1.0,4.0,2.0,1.0,1.0,2.0,2.0,1.0,1.0,3.0,4.0,1.0,4.0,2.0,3.0,3.0,1.0,1.0,2.0,1.0,3.0,4.0,2.0,4.0,1.0,2.0,1.0,1.0,1.0,3.0,5.0,4.0,2.0,4.0,0.0,0.0,0.0,2.0,2.0,4.0,3.0,2.0,1.0,3.0,3.0,4.0,1.0,4.0,3.0,3.0,6.0,2.0,3.0,3.0,2.0,0.0,5.0,5.0,0.0,1.0,1.0,1.0,2.0,4.0,2.0,2.0,2.0,4.0,1.0,0.0,1.0,2.0,4.0,3.0,2.0,0.0,3.0,5.0,3.0,1.0,1.0,3.0,0.0,1.0,1.0,0.0,3.0,1.0,0.0,4.0,0.0,1.0,1.0,5.0,2.0,2.0,3.0,2.0,3.0,0.0,0.0,3.0,3.0,1.0,4.0,2.0,2.0,4.0,3.0,0.0,0.0,5.0,3.0,2.0,2.0,0.0,1.0,3.0,0.0,2.0,3.0,1.0,0.0,3.0,3.0,3.0,1.0,3.0,4.0,1.0,0.0,1.0,3.0,2.0,2.0,4.0,0.0,1.0,0.0,0.0,5.0,2.0,1.0,3.0,1.0,1.0,1.0,2.0,2.0,2.0,2.0,0.0,4.0,0.0,2.0,7.0,2.0,3.0,3.0,0.0,2.0,2.0,1.0,4.0,1.0,4.0,2.0,1.0,3.0,4.0,1.0,3.0,4.0,3.0,3.0
259,0.0,1.0,2.0,1.0,2.0,3.0,3.0,2.0,2.0,0.0,0.0,5.0,0.0,3.0,0.0,2.0,3.0,1.0,2.0,3.0,3.0,5.0,2.0,4.0,3.0,1.0,1.0,5.0,1.0,2.0,1.0,3.0,4.0,3.0,5.0,2.0,2.0,2.0,3.0,1.0,2.0,3.0,3.0,4.0,1.0,2.0,3.0,1.0,4.0,2.0,2.0,4.0,3.0,3.0,0.0,2.0,5.0,0.0,1.0,3.0,2.0,1.0,2.0,1.0,6.0,4.0,6.0,5.0,1.0,6.0,6.0,2.0,4.0,1.0,3.0,2.0,3.0,2.0,2.0,4.0,0.0,1.0,4.0,3.0,2.0,1.0,2.0,1.0,0.0,4.0,1.0,1.0,0.0,1.0,1.0,6.0,3.0,3.0,9.0,4.0,4.0,2.0,6.0,4.0,0.0,4.0,3.0,2.0,2.0,1.0,5.0,2.0,3.0,3.0,4.0,4.0,4.0,4.0,5.0,0.0,0.0,0.0,2.0,2.0,3.0,2.0,6.0,2.0,1.0,3.0,1.0,0.0,2.0,1.0,2.0,1.0,1.0,2.0,1.0,4.0,1.0,0.0,1.0,2.0,5.0,2.0,1.0,2.0,2.0,3.0,4.0,3.0,2.0,1.0,3.0,4.0,2.0,3.0,4.0,3.0,2.0,0.0,2.0,2.0,4.0,2.0,1.0,1.0,4.0,5.0,0.0,4.0,3.0,4.0,0.0,0.0,1.0,2.0,1.0,0.0,0.0,1.0,2.0,1.0,2.0,4.0,2.0,5.0,3.0,2.0,3.0,1.0,0.0,2.0,1.0,2.0,5.0,2.0,4.0,3.0
264,0.0,1.0,0.0,4.0,1.0,2.0,1.0,2.0,1.0,5.0,2.0,1.0,2.0,2.0,4.0,3.0,0.0,1.0,3.0,4.0,5.0,4.0,2.0,1.0,1.0,3.0,6.0,1.0,1.0,1.0,1.0,3.0,3.0,3.0,3.0,2.0,5.0,5.0,5.0,6.0,2.0,3.0,1.0,2.0,6.0,2.0,1.0,2.0,3.0,2.0,0.0,4.0,2.0,1.0,1.0,2.0,3.0,3.0,1.0,1.0,4.0,1.0,2.0,1.0,1.0,3.0,3.0,4.0,1.0,4.0,2.0,2.0,2.0,4.0,4.0,2.0,4.0,4.0,0.0,4.0,3.0,6.0,3.0,1.0,3.0,3.0,2.0,6.0,5.0,1.0,4.0,1.0,3.0,2.0,6.0,1.0,2.0,0.0,3.0,4.0,1.0,1.0,5.0,3.0,2.0,2.0,1.0,1.0,2.0,3.0,5.0,1.0,3.0,3.0,0.0,0.0,2.0,1.0,3.0,2.0,3.0,4.0,1.0,3.0,4.0,2.0,5.0,4.0,2.0,2.0,2.0,2.0,3.0,3.0,1.0,0.0,2.0,2.0,3.0,1.0,3.0,5.0,5.0,1.0,2.0,1.0,0.0,3.0,0.0,0.0,3.0,3.0,3.0,6.0,5.0,5.0,4.0,1.0,3.0,0.0,3.0,3.0,3.0,1.0,0.0,3.0,1.0,4.0,1.0,2.0,2.0,2.0,5.0,1.0,5.0,3.0,2.0,3.0,5.0,4.0,1.0,1.0,1.0,1.0,1.0,1.0,5.0,3.0,3.0,2.0,2.0,1.0,1.0,2.0,2.0,3.0,2.0,0.0,0.0,2.0
269,6.0,1.0,0.0,2.0,1.0,3.0,4.0,3.0,0.0,2.0,3.0,4.0,2.0,3.0,5.0,3.0,0.0,2.0,1.0,4.0,2.0,3.0,2.0,0.0,4.0,4.0,3.0,1.0,4.0,7.0,0.0,3.0,3.0,1.0,1.0,1.0,1.0,3.0,5.0,0.0,3.0,5.0,2.0,2.0,3.0,3.0,2.0,2.0,3.0,5.0,1.0,6.0,2.0,3.0,0.0,3.0,2.0,2.0,2.0,4.0,2.0,1.0,4.0,3.0,4.0,3.0,2.0,3.0,2.0,2.0,2.0,2.0,1.0,3.0,2.0,2.0,6.0,2.0,2.0,3.0,4.0,4.0,7.0,1.0,3.0,2.0,2.0,3.0,3.0,4.0,3.0,4.0,1.0,4.0,4.0,4.0,4.0,4.0,0.0,4.0,2.0,2.0,2.0,2.0,1.0,4.0,0.0,4.0,3.0,2.0,0.0,4.0,4.0,1.0,0.0,1.0,2.0,3.0,2.0,4.0,1.0,2.0,2.0,3.0,2.0,5.0,5.0,1.0,2.0,4.0,2.0,2.0,2.0,2.0,3.0,3.0,4.0,2.0,2.0,5.0,5.0,7.0,5.0,2.0,1.0,1.0,2.0,5.0,4.0,5.0,4.0,6.0,5.0,2.0,1.0,3.0,2.0,6.0,6.0,2.0,3.0,1.0,2.0,2.0,2.0,1.0,1.0,1.0,4.0,0.0,3.0,4.0,1.0,1.0,7.0,2.0,1.0,2.0,3.0,2.0,1.0,2.0,2.0,2.0,4.0,5.0,4.0,1.0,2.0,2.0,5.0,4.0,2.0,2.0,2.0,3.0,1.0,0.0,2.0,0.0
274,3.0,4.0,3.0,2.0,4.0,5.0,1.0,2.0,4.0,0.0,1.0,6.0,2.0,3.0,4.0,0.0,6.0,5.0,2.0,1.0,2.0,4.0,6.0,1.0,1.0,4.0,2.0,3.0,1.0,2.0,1.0,2.0,5.0,3.0,1.0,4.0,3.0,1.0,2.0,2.0,1.0,4.0,3.0,2.0,2.0,1.0,1.0,1.0,1.0,2.0,6.0,2.0,2.0,2.0,3.0,4.0,3.0,3.0,2.0,1.0,5.0,3.0,0.0,1.0,1.0,1.0,5.0,2.0,2.0,3.0,2.0,3.0,2.0,0.0,4.0,2.0,1.0,4.0,3.0,1.0,2.0,3.0,3.0,4.0,1.0,3.0,2.0,3.0,2.0,2.0,0.0,5.0,4.0,3.0,2.0,1.0,6.0,2.0,0.0,7.0,5.0,2.0,3.0,3.0,4.0,2.0,2.0,5.0,3.0,6.0,0.0,3.0,2.0,3.0,4.0,3.0,6.0,2.0,4.0,6.0,7.0,4.0,4.0,2.0,5.0,5.0,2.0,1.0,0.0,3.0,3.0,3.0,0.0,4.0,3.0,4.0,5.0,1.0,5.0,3.0,3.0,1.0,2.0,3.0,2.0,3.0,2.0,2.0,6.0,4.0,2.0,5.0,4.0,1.0,3.0,5.0,1.0,2.0,2.0,4.0,4.0,5.0,1.0,0.0,2.0,0.0,0.0,1.0,1.0,1.0,6.0,4.0,1.0,4.0,2.0,3.0,3.0,3.0,3.0,4.0,6.0,1.0,3.0,3.0,4.0,4.0,3.0,2.0,3.0,3.0,3.0,2.0,2.0,6.0,4.0,3.0,4.0,5.0,4.0,3.0
279,2.0,6.0,3.0,1.0,1.0,1.0,7.0,1.0,2.0,5.0,6.0,1.0,1.0,3.0,2.0,5.0,2.0,2.0,1.0,3.0,4.0,4.0,4.0,7.0,4.0,5.0,3.0,4.0,5.0,4.0,3.0,3.0,2.0,5.0,2.0,1.0,7.0,3.0,2.0,4.0,4.0,4.0,2.0,1.0,1.0,1.0,3.0,2.0,3.0,2.0,5.0,4.0,5.0,6.0,2.0,3.0,3.0,3.0,5.0,4.0,3.0,5.0,5.0,3.0,1.0,2.0,2.0,3.0,4.0,2.0,6.0,3.0,4.0,2.0,1.0,3.0,2.0,6.0,1.0,5.0,2.0,0.0,2.0,2.0,3.0,3.0,5.0,4.0,2.0,2.0,2.0,4.0,5.0,5.0,1.0,3.0,5.0,2.0,2.0,2.0,2.0,3.0,3.0,5.0,5.0,3.0,5.0,5.0,2.0,4.0,7.0,4.0,1.0,5.0,3.0,3.0,5.0,2.0,4.0,1.0,4.0,4.0,3.0,4.0,4.0,6.0,3.0,0.0,3.0,5.0,7.0,1.0,2.0,2.0,1.0,8.0,2.0,5.0,5.0,4.0,4.0,2.0,5.0,3.0,0.0,3.0,5.0,4.0,2.0,2.0,2.0,1.0,4.0,4.0,0.0,4.0,7.0,4.0,2.0,2.0,2.0,6.0,3.0,3.0,5.0,5.0,4.0,9.0,3.0,1.0,1.0,5.0,5.0,3.0,0.0,7.0,5.0,4.0,2.0,5.0,3.0,4.0,1.0,6.0,1.0,2.0,3.0,4.0,3.0,5.0,4.0,4.0,3.0,9.0,0.0,1.0,3.0,2.0,3.0,2.0
284,6.0,3.0,3.0,2.0,3.0,2.0,1.0,2.0,5.0,4.0,2.0,5.0,3.0,5.0,3.0,2.0,0.0,2.0,4.0,1.0,2.0,8.0,5.0,3.0,6.0,4.0,0.0,4.0,2.0,3.0,4.0,4.0,2.0,2.0,3.0,4.0,7.0,6.0,4.0,9.0,2.0,4.0,6.0,4.0,4.0,3.0,2.0,3.0,4.0,6.0,6.0,5.0,2.0,7.0,5.0,2.0,5.0,2.0,4.0,5.0,5.0,5.0,5.0,5.0,2.0,3.0,5.0,2.0,4.0,6.0,4.0,3.0,1.0,9.0,4.0,4.0,2.0,5.0,4.0,3.0,7.0,0.0,7.0,4.0,6.0,4.0,5.0,6.0,4.0,1.0,6.0,6.0,3.0,5.0,4.0,7.0,3.0,3.0,2.0,1.0,4.0,0.0,4.0,4.0,4.0,1.0,7.0,1.0,7.0,3.0,4.0,1.0,1.0,6.0,0.0,3.0,7.0,3.0,2.0,3.0,3.0,6.0,2.0,4.0,3.0,4.0,3.0,9.0,3.0,6.0,7.0,2.0,2.0,3.0,4.0,1.0,3.0,5.0,3.0,6.0,3.0,5.0,5.0,5.0,4.0,3.0,3.0,6.0,1.0,6.0,0.0,8.0,0.0,3.0,7.0,6.0,0.0,3.0,1.0,4.0,6.0,6.0,5.0,2.0,7.0,6.0,0.0,2.0,3.0,5.0,1.0,3.0,2.0,4.0,5.0,7.0,6.0,5.0,2.0,0.0,3.0,5.0,2.0,5.0,4.0,3.0,4.0,3.0,3.0,4.0,4.0,3.0,2.0,3.0,3.0,3.0,1.0,2.0,3.0,5.0
289,4.0,3.0,4.0,1.0,4.0,2.0,1.0,5.0,3.0,0.0,5.0,7.0,2.0,6.0,4.0,4.0,3.0,3.0,5.0,6.0,7.0,6.0,6.0,2.0,5.0,4.0,4.0,2.0,9.0,5.0,4.0,5.0,4.0,7.0,5.0,2.0,4.0,4.0,3.0,3.0,5.0,4.0,4.0,7.0,8.0,4.0,2.0,5.0,3.0,6.0,4.0,3.0,6.0,8.0,6.0,6.0,6.0,6.0,3.0,3.0,4.0,1.0,5.0,4.0,2.0,4.0,6.0,6.0,4.0,5.0,5.0,4.0,3.0,6.0,1.0,5.0,4.0,6.0,3.0,8.0,7.0,2.0,5.0,5.0,7.0,2.0,7.0,6.0,6.0,7.0,5.0,5.0,8.0,7.0,4.0,5.0,1.0,4.0,2.0,7.0,6.0,3.0,4.0,4.0,2.0,1.0,6.0,8.0,4.0,4.0,9.0,3.0,4.0,5.0,9.0,5.0,2.0,1.0,7.0,5.0,1.0,4.0,6.0,5.0,6.0,5.0,5.0,2.0,2.0,3.0,3.0,4.0,8.0,3.0,6.0,4.0,4.0,1.0,2.0,3.0,7.0,4.0,8.0,4.0,3.0,4.0,4.0,5.0,7.0,9.0,3.0,8.0,4.0,3.0,1.0,4.0,5.0,7.0,4.0,6.0,3.0,4.0,6.0,5.0,4.0,1.0,5.0,1.0,7.0,1.0,4.0,5.0,3.0,5.0,2.0,0.0,7.0,4.0,3.0,4.0,1.0,7.0,5.0,7.0,2.0,4.0,4.0,7.0,4.0,5.0,4.0,2.0,8.0,4.0,4.0,5.0,2.0,1.0,1.0,2.0
294,5.0,1.0,4.0,9.0,2.0,4.0,3.0,4.0,5.0,8.0,5.0,9.0,7.0,8.0,6.0,3.0,8.0,5.0,4.0,5.0,8.0,8.0,2.0,7.0,3.0,6.0,4.0,3.0,5.0,8.0,5.0,7.0,2.0,7.0,5.0,5.0,7.0,6.0,7.0,7.0,6.0,5.0,6.0,5.0,8.0,4.0,7.0,5.0,3.0,7.0,2.0,4.0,5.0,9.0,5.0,4.0,4.0,1.0,3.0,10.0,4.0,3.0,3.0,2.0,6.0,7.0,5.0,8.0,5.0,6.0,7.0,3.0,3.0,3.0,5.0,9.0,3.0,4.0,8.0,6.0,4.0,5.0,11.0,4.0,5.0,4.0,6.0,8.0,4.0,7.0,8.0,4.0,9.0,7.0,1.0,6.0,10.0,7.0,2.0,4.0,5.0,9.0,8.0,6.0,10.0,4.0,7.0,6.0,6.0,3.0,6.0,5.0,5.0,8.0,9.0,9.0,6.0,5.0,6.0,8.0,7.0,8.0,5.0,8.0,4.0,2.0,8.0,6.0,3.0,5.0,3.0,6.0,6.0,4.0,4.0,5.0,3.0,4.0,9.0,6.0,8.0,3.0,6.0,4.0,6.0,6.0,3.0,8.0,6.0,4.0,1.0,8.0,2.0,3.0,4.0,5.0,7.0,9.0,7.0,5.0,8.0,6.0,5.0,4.0,7.0,4.0,5.0,3.0,4.0,6.0,1.0,4.0,10.0,5.0,6.0,4.0,6.0,2.0,6.0,4.0,8.0,2.0,5.0,3.0,4.0,5.0,3.0,3.0,5.0,6.0,5.0,4.0,6.0,6.0,3.0,5.0,1.0,5.0,5.0,4.0
299,1.0,2.0,4.0,3.0,3.0,7.0,7.0,3.0,4.0,8.0,5.0,7.0,9.0,8.0,4.0,8.0,5.0,4.0,6.0,2.0,9.0,7.0,10.0,7.0,3.0,2.0,3.0,2.0,9.0,6.0,4.0,5.0,5.0,6.0,6.0,7.0,9.0,8.0,9.0,10.0,8.0,2.0,8.0,6.0,4.0,15.0,5.0,6.0,3.0,3.0,9.0,5.0,7.0,6.0,7.0,4.0,5.0,5.0,9.0,7.0,7.0,3.0,9.0,11.0,3.0,9.0,4.0,3.0,7.0,8.0,10.0,2.0,3.0,7.0,5.0,9.0,2.0,4.0,4.0,8.0,6.0,6.0,7.0,5.0,8.0,9.0,4.0,7.0,10.0,12.0,11.0,6.0,7.0,3.0,7.0,9.0,6.0,4.0,2.0,7.0,5.0,4.0,1.0,7.0,7.0,6.0,3.0,11.0,9.0,9.0,7.0,11.0,6.0,7.0,9.0,7.0,6.0,7.0,5.0,5.0,5.0,5.0,8.0,5.0,3.0,5.0,10.0,4.0,11.0,10.0,8.0,8.0,9.0,11.0,7.0,6.0,7.0,7.0,9.0,7.0,9.0,5.0,4.0,5.0,2.0,3.0,10.0,4.0,5.0,6.0,6.0,5.0,11.0,6.0,6.0,7.0,6.0,5.0,9.0,10.0,6.0,6.0,1.0,2.0,4.0,8.0,5.0,9.0,10.0,6.0,8.0,6.0,6.0,11.0,7.0,6.0,5.0,7.0,9.0,7.0,4.0,4.0,8.0,6.0,8.0,9.0,9.0,5.0,8.0,2.0,7.0,6.0,1.0,7.0,9.0,4.0,5.0,2.0,5.0,6.0
304,7.0,5.0,3.0,12.0,8.0,3.0,7.0,5.0,5.0,5.0,8.0,5.0,3.0,8.0,5.0,9.0,4.0,8.0,10.0,9.0,8.0,6.0,2.0,10.0,4.0,5.0,8.0,6.0,9.0,3.0,7.0,9.0,15.0,8.0,13.0,8.0,4.0,3.0,5.0,8.0,5.0,11.0,4.0,9.0,12.0,7.0,9.0,6.0,7.0,6.0,4.0,5.0,13.0,7.0,10.0,5.0,11.0,6.0,6.0,3.0,4.0,7.0,7.0,4.0,8.0,15.0,7.0,8.0,6.0,4.0,2.0,11.0,4.0,8.0,10.0,5.0,8.0,6.0,14.0,8.0,9.0,7.0,4.0,5.0,9.0,9.0,4.0,10.0,3.0,9.0,5.0,5.0,7.0,6.0,12.0,3.0,2.0,4.0,5.0,7.0,4.0,9.0,6.0,7.0,7.0,3.0,8.0,12.0,6.0,7.0,5.0,10.0,11.0,6.0,3.0,5.0,4.0,8.0,9.0,9.0,6.0,10.0,8.0,11.0,6.0,9.0,9.0,13.0,5.0,8.0,6.0,3.0,6.0,5.0,5.0,5.0,3.0,5.0,6.0,2.0,12.0,5.0,6.0,8.0,8.0,8.0,8.0,6.0,7.0,7.0,9.0,8.0,6.0,3.0,12.0,3.0,9.0,5.0,3.0,4.0,9.0,4.0,9.0,5.0,5.0,4.0,12.0,5.0,11.0,6.0,4.0,7.0,3.0,7.0,5.0,3.0,1.0,6.0,1.0,6.0,6.0,10.0,7.0,3.0,11.0,6.0,7.0,3.0,10.0,5.0,12.0,5.0,5.0,9.0,5.0,7.0,7.0,3.0,12.0,5.0
309,7.0,15.0,5.0,8.0,2.0,10.0,4.0,4.0,7.0,7.0,8.0,6.0,10.0,4.0,5.0,4.0,10.0,8.0,7.0,3.0,7.0,10.0,6.0,4.0,3.0,10.0,8.0,12.0,9.0,8.0,7.0,4.0,7.0,4.0,3.0,7.0,3.0,5.0,11.0,9.0,4.0,6.0,5.0,9.0,4.0,9.0,7.0,6.0,9.0,8.0,5.0,5.0,5.0,8.0,7.0,9.0,10.0,8.0,2.0,8.0,9.0,7.0,7.0,4.0,7.0,4.0,7.0,7.0,5.0,6.0,9.0,8.0,6.0,10.0,11.0,13.0,3.0,6.0,4.0,13.0,9.0,8.0,9.0,9.0,8.0,7.0,3.0,7.0,7.0,10.0,6.0,7.0,11.0,7.0,13.0,4.0,9.0,7.0,5.0,8.0,2.0,4.0,11.0,4.0,6.0,8.0,7.0,9.0,10.0,13.0,8.0,9.0,9.0,7.0,9.0,16.0,6.0,14.0,7.0,10.0,5.0,10.0,6.0,4.0,9.0,2.0,7.0,12.0,7.0,11.0,8.0,4.0,10.0,2.0,8.0,4.0,6.0,4.0,5.0,10.0,6.0,4.0,9.0,6.0,12.0,7.0,12.0,8.0,12.0,5.0,5.0,6.0,8.0,11.0,9.0,7.0,7.0,10.0,12.0,5.0,12.0,5.0,5.0,6.0,8.0,7.0,10.0,6.0,7.0,7.0,7.0,5.0,12.0,2.0,7.0,12.0,10.0,7.0,10.0,4.0,8.0,6.0,9.0,9.0,4.0,4.0,9.0,11.0,8.0,12.0,4.0,11.0,12.0,6.0,5.0,3.0,9.0,4.0,6.0,8.0
314,7.0,5.0,8.0,8.0,7.0,7.0,4.0,11.0,2.0,10.0,9.0,8.0,6.0,7.0,7.0,8.0,6.0,10.0,6.0,9.0,4.0,5.0,2.0,5.0,8.0,11.0,5.0,4.0,8.0,6.0,5.0,6.0,7.0,8.0,10.0,7.0,4.0,10.0,7.0,5.0,10.0,6.0,6.0,8.0,5.0,7.0,9.0,5.0,8.0,6.0,8.0,4.0,9.0,5.0,9.0,4.0,9.0,9.0,7.0,6.0,5.0,8.0,11.0,7.0,10.0,9.0,7.0,6.0,5.0,5.0,5.0,8.0,6.0,12.0,1.0,9.0,8.0,10.0,3.0,7.0,9.0,9.0,5.0,8.0,11.0,13.0,11.0,5.0,8.0,13.0,8.0,7.0,3.0,8.0,11.0,6.0,5.0,6.0,6.0,7.0,9.0,4.0,7.0,8.0,6.0,10.0,7.0,13.0,6.0,6.0,5.0,3.0,4.0,7.0,11.0,13.0,9.0,10.0,8.0,13.0,5.0,6.0,5.0,5.0,8.0,9.0,11.0,6.0,7.0,6.0,11.0,3.0,10.0,7.0,5.0,8.0,5.0,12.0,7.0,8.0,6.0,6.0,9.0,11.0,6.0,9.0,8.0,8.0,8.0,11.0,6.0,12.0,6.0,6.0,7.0,6.0,7.0,6.0,11.0,6.0,12.0,3.0,6.0,8.0,4.0,6.0,7.0,8.0,8.0,2.0,8.0,7.0,6.0,1.0,5.0,5.0,5.0,8.0,12.0,9.0,4.0,5.0,3.0,15.0,9.0,10.0,10.0,4.0,7.0,4.0,10.0,5.0,7.0,6.0,4.0,12.0,10.0,8.0,3.0,5.0
319,7.0,5.0,10.0,5.0,5.0,9.0,7.0,3.0,8.0,14.0,8.0,9.0,4.0,6.0,6.0,4.0,5.0,4.0,4.0,2.0,5.0,2.0,5.0,1.0,6.0,9.0,11.0,10.0,4.0,5.0,9.0,6.0,10.0,5.0,5.0,7.0,7.0,5.0,8.0,6.0,8.0,9.0,6.0,8.0,5.0,8.0,8.0,6.0,7.0,4.0,7.0,3.0,9.0,8.0,5.0,8.0,8.0,8.0,6.0,10.0,5.0,8.0,4.0,6.0,4.0,3.0,4.0,3.0,5.0,3.0,5.0,8.0,2.0,13.0,5.0,7.0,8.0,8.0,3.0,5.0,8.0,10.0,5.0,9.0,5.0,4.0,5.0,8.0,10.0,7.0,8.0,4.0,4.0,8.0,4.0,8.0,2.0,8.0,7.0,3.0,6.0,6.0,4.0,2.0,10.0,3.0,8.0,12.0,3.0,6.0,6.0,8.0,5.0,10.0,4.0,7.0,11.0,10.0,7.0,5.0,4.0,7.0,6.0,8.0,13.0,5.0,7.0,6.0,3.0,8.0,11.0,6.0,8.0,6.0,5.0,8.0,5.0,9.0,8.0,4.0,5.0,9.0,4.0,6.0,7.0,7.0,5.0,7.0,8.0,6.0,5.0,8.0,12.0,9.0,3.0,13.0,5.0,8.0,7.0,9.0,9.0,9.0,3.0,8.0,6.0,7.0,7.0,4.0,7.0,5.0,6.0,10.0,2.0,11.0,11.0,4.0,3.0,8.0,11.0,7.0,5.0,4.0,5.0,7.0,9.0,5.0,5.0,4.0,9.0,8.0,4.0,9.0,8.0,6.0,2.0,6.0,6.0,8.0,9.0,4.0
324,9.0,7.0,8.0,9.0,5.0,7.0,1.0,5.0,6.0,3.0,6.0,5.0,7.0,7.0,12.0,7.0,8.0,8.0,9.0,5.0,3.0,5.0,3.0,6.0,4.0,9.0,6.0,7.0,7.0,6.0,12.0,6.0,4.0,5.0,9.0,9.0,4.0,8.0,5.0,5.0,15.0,6.0,7.0,4.0,6.0,12.0,6.0,7.0,6.0,15.0,6.0,10.0,9.0,8.0,10.0,9.0,6.0,7.0,7.0,3.0,9.0,12.0,8.0,5.0,8.0,4.0,10.0,5.0,8.0,7.0,6.0,4.0,6.0,4.0,7.0,1.0,6.0,2.0,4.0,5.0,8.0,8.0,4.0,4.0,6.0,10.0,6.0,9.0,4.0,8.0,5.0,9.0,6.0,6.0,8.0,7.0,3.0,8.0,5.0,2.0,3.0,5.0,3.0,6.0,5.0,9.0,2.0,7.0,4.0,3.0,7.0,7.0,7.0,4.0,4.0,6.0,2.0,6.0,13.0,9.0,4.0,6.0,13.0,6.0,6.0,7.0,11.0,13.0,8.0,6.0,7.0,5.0,5.0,9.0,5.0,5.0,9.0,6.0,3.0,7.0,5.0,4.0,5.0,11.0,2.0,13.0,8.0,12.0,7.0,4.0,5.0,6.0,9.0,6.0,2.0,8.0,7.0,8.0,6.0,5.0,6.0,5.0,6.0,7.0,5.0,5.0,7.0,6.0,13.0,4.0,9.0,10.0,2.0,8.0,7.0,3.0,7.0,5.0,6.0,6.0,4.0,6.0,5.0,7.0,5.0,13.0,7.0,5.0,6.0,3.0,5.0,9.0,5.0,5.0,7.0,4.0,9.0,7.0,6.0,6.0
329,6.0,5.0,7.0,7.0,4.0,3.0,4.0,6.0,3.0,13.0,9.0,6.0,5.0,3.0,7.0,3.0,4.0,7.0,4.0,3.0,4.0,6.0,6.0,5.0,5.0,6.0,7.0,9.0,6.0,10.0,7.0,6.0,7.0,5.0,3.0,4.0,5.0,2.0,9.0,7.0,2.0,8.0,8.0,7.0,7.0,6.0,5.0,6.0,2.0,8.0,1.0,2.0,3.0,2.0,6.0,8.0,8.0,2.0,7.0,6.0,3.0,8.0,4.0,7.0,8.0,5.0,5.0,9.0,4.0,6.0,4.0,7.0,5.0,6.0,3.0,7.0,3.0,5.0,4.0,6.0,8.0,9.0,6.0,2.0,4.0,4.0,4.0,7.0,5.0,3.0,9.0,8.0,11.0,3.0,7.0,3.0,3.0,6.0,4.0,6.0,2.0,4.0,7.0,3.0,1.0,9.0,5.0,4.0,5.0,6.0,8.0,3.0,9.0,5.0,4.0,3.0,4.0,5.0,5.0,8.0,8.0,6.0,6.0,5.0,6.0,6.0,5.0,4.0,5.0,5.0,6.0,5.0,8.0,9.0,5.0,7.0,3.0,5.0,5.0,6.0,4.0,5.0,2.0,6.0,6.0,8.0,5.0,8.0,7.0,10.0,8.0,9.0,8.0,4.0,3.0,5.0,5.0,5.0,12.0,5.0,9.0,10.0,6.0,3.0,3.0,4.0,1.0,5.0,7.0,3.0,6.0,6.0,8.0,4.0,7.0,11.0,5.0,10.0,6.0,4.0,5.0,3.0,1.0,3.0,5.0,4.0,3.0,4.0,4.0,7.0,6.0,5.0,4.0,7.0,3.0,3.0,4.0,3.0,7.0,7.0
334,4.0,8.0,3.0,4.0,8.0,11.0,5.0,3.0,5.0,5.0,5.0,4.0,4.0,7.0,8.0,2.0,5.0,0.0,4.0,8.0,6.0,3.0,3.0,5.0,4.0,6.0,3.0,7.0,7.0,5.0,6.0,5.0,4.0,5.0,3.0,3.0,6.0,5.0,2.0,4.0,5.0,3.0,8.0,3.0,10.0,5.0,5.0,5.0,7.0,4.0,6.0,4.0,5.0,8.0,3.0,6.0,1.0,7.0,5.0,3.0,3.0,3.0,6.0,7.0,9.0,8.0,2.0,5.0,7.0,5.0,7.0,3.0,2.0,6.0,3.0,10.0,1.0,3.0,5.0,6.0,6.0,2.0,4.0,4.0,4.0,6.0,7.0,3.0,2.0,5.0,5.0,3.0,5.0,3.0,2.0,4.0,6.0,4.0,5.0,6.0,4.0,1.0,2.0,4.0,6.0,8.0,5.0,1.0,8.0,4.0,10.0,5.0,7.0,5.0,3.0,1.0,1.0,4.0,6.0,6.0,4.0,6.0,7.0,3.0,6.0,5.0,3.0,5.0,5.0,5.0,2.0,8.0,4.0,3.0,6.0,5.0,3.0,5.0,5.0,6.0,4.0,7.0,5.0,4.0,6.0,5.0,1.0,8.0,6.0,4.0,8.0,3.0,1.0,7.0,1.0,8.0,3.0,5.0,7.0,2.0,4.0,9.0,8.0,4.0,3.0,3.0,8.0,7.0,4.0,7.0,4.0,5.0,3.0,7.0,7.0,8.0,8.0,2.0,4.0,6.0,6.0,7.0,2.0,5.0,3.0,3.0,5.0,9.0,4.0,3.0,4.0,7.0,3.0,2.0,7.0,7.0,4.0,3.0,8.0,8.0
339,5.0,5.0,0.0,5.0,6.0,8.0,5.0,4.0,6.0,1.0,5.0,5.0,3.0,5.0,3.0,2.0,4.0,4.0,4.0,4.0,2.0,6.0,12.0,3.0,2.0,2.0,6.0,7.0,3.0,6.0,6.0,6.0,1.0,4.0,5.0,7.0,2.0,3.0,5.0,6.0,7.0,3.0,8.0,5.0,1.0,4.0,3.0,7.0,0.0,3.0,8.0,2.0,3.0,4.0,1.0,4.0,5.0,0.0,10.0,1.0,6.0,4.0,4.0,4.0,4.0,6.0,4.0,2.0,8.0,3.0,6.0,6.0,3.0,5.0,6.0,2.0,2.0,4.0,3.0,5.0,7.0,6.0,3.0,4.0,4.0,7.0,4.0,6.0,5.0,2.0,4.0,4.0,5.0,4.0,7.0,5.0,4.0,2.0,5.0,2.0,8.0,5.0,2.0,4.0,9.0,6.0,6.0,3.0,8.0,6.0,4.0,4.0,4.0,2.0,4.0,6.0,4.0,9.0,3.0,2.0,4.0,3.0,5.0,6.0,2.0,5.0,3.0,2.0,3.0,3.0,3.0,2.0,4.0,1.0,2.0,2.0,6.0,8.0,3.0,4.0,1.0,2.0,5.0,5.0,4.0,5.0,5.0,4.0,4.0,4.0,5.0,5.0,5.0,1.0,5.0,6.0,4.0,4.0,3.0,2.0,5.0,2.0,1.0,3.0,4.0,3.0,8.0,5.0,8.0,6.0,6.0,6.0,2.0,4.0,4.0,3.0,7.0,4.0,2.0,3.0,4.0,3.0,0.0,3.0,3.0,0.0,4.0,6.0,6.0,3.0,5.0,4.0,3.0,5.0,7.0,4.0,3.0,2.0,3.0,4.0
344,2.0,2.0,2.0,3.0,1.0,6.0,4.0,3.0,5.0,5.0,3.0,5.0,3.0,2.0,4.0,4.0,6.0,6.0,3.0,6.0,5.0,4.0,3.0,5.0,1.0,1.0,1.0,3.0,0.0,9.0,4.0,3.0,8.0,7.0,3.0,2.0,2.0,3.0,1.0,3.0,3.0,6.0,4.0,5.0,5.0,2.0,0.0,6.0,3.0,5.0,3.0,2.0,1.0,3.0,3.0,7.0,5.0,3.0,4.0,3.0,2.0,7.0,2.0,4.0,5.0,4.0,6.0,3.0,6.0,4.0,2.0,4.0,2.0,3.0,4.0,7.0,5.0,1.0,3.0,2.0,2.0,1.0,2.0,6.0,2.0,2.0,4.0,4.0,4.0,4.0,2.0,1.0,3.0,4.0,7.0,7.0,4.0,1.0,4.0,4.0,0.0,7.0,2.0,3.0,3.0,5.0,2.0,0.0,4.0,4.0,4.0,4.0,3.0,2.0,1.0,4.0,3.0,3.0,2.0,5.0,0.0,3.0,1.0,1.0,5.0,3.0,4.0,8.0,1.0,7.0,6.0,4.0,4.0,4.0,6.0,2.0,3.0,4.0,6.0,3.0,2.0,3.0,5.0,1.0,1.0,7.0,4.0,3.0,1.0,7.0,7.0,2.0,4.0,2.0,2.0,3.0,2.0,2.0,5.0,2.0,4.0,2.0,2.0,4.0,3.0,1.0,8.0,5.0,5.0,2.0,8.0,4.0,3.0,4.0,1.0,6.0,2.0,3.0,7.0,2.0,3.0,3.0,3.0,4.0,9.0,2.0,3.0,2.0,4.0,2.0,4.0,8.0,6.0,8.0,3.0,4.0,4.0,4.0,2.0,0.0
349,3.0,4.0,0.0,3.0,3.0,4.0,3.0,4.0,3.0,2.0,3.0,2.0,4.0,4.0,2.0,1.0,2.0,1.0,5.0,2.0,4.0,4.0,1.0,4.0,5.0,5.0,8.0,2.0,7.0,3.0,7.0,3.0,0.0,6.0,2.0,3.0,3.0,6.0,4.0,2.0,6.0,3.0,5.0,6.0,1.0,4.0,3.0,5.0,1.0,2.0,2.0,4.0,4.0,2.0,1.0,2.0,5.0,1.0,4.0,2.0,5.0,2.0,5.0,4.0,4.0,3.0,1.0,3.0,8.0,3.0,4.0,5.0,3.0,0.0,2.0,2.0,9.0,1.0,3.0,4.0,3.0,1.0,2.0,3.0,4.0,0.0,3.0,5.0,3.0,5.0,1.0,4.0,4.0,3.0,2.0,2.0,4.0,0.0,0.0,3.0,3.0,6.0,5.0,1.0,3.0,5.0,3.0,3.0,2.0,3.0,3.0,1.0,3.0,3.0,2.0,6.0,2.0,2.0,5.0,4.0,4.0,1.0,4.0,3.0,3.0,3.0,2.0,2.0,2.0,3.0,4.0,3.0,3.0,3.0,5.0,3.0,4.0,1.0,6.0,3.0,3.0,3.0,5.0,1.0,5.0,3.0,6.0,2.0,5.0,5.0,5.0,4.0,6.0,3.0,3.0,5.0,4.0,3.0,3.0,1.0,4.0,4.0,1.0,4.0,2.0,5.0,3.0,5.0,3.0,1.0,5.0,4.0,2.0,2.0,3.0,3.0,1.0,2.0,2.0,5.0,2.0,4.0,4.0,2.0,2.0,2.0,1.0,5.0,6.0,2.0,4.0,4.0,2.0,4.0,3.0,3.0,5.0,1.0,4.0,3.0
354,3.0,3.0,3.0,2.0,6.0,5.0,4.0,1.0,4.0,2.0,3.0,2.0,3.0,5.0,6.0,6.0,5.0,2.0,2.0,5.0,4.0,0.0,2.0,4.0,2.0,2.0,1.0,5.0,3.0,4.0,3.0,3.0,3.0,1.0,2.0,1.0,2.0,2.0,3.0,2.0,5.0,2.0,2.0,4.0,6.0,0.0,2.0,4.0,2.0,1.0,0.0,5.0,2.0,3.0,6.0,4.0,1.0,5.0,2.0,7.0,5.0,2.0,5.0,3.0,6.0,2.0,1.0,2.0,1.0,4.0,2.0,5.0,4.0,1.0,1.0,2.0,3.0,4.0,3.0,2.0,1.0,3.0,4.0,3.0,2.0,3.0,3.0,5.0,0.0,3.0,4.0,3.0,5.0,3.0,2.0,4.0,3.0,5.0,1.0,3.0,3.0,3.0,2.0,1.0,4.0,5.0,3.0,4.0,3.0,2.0,3.0,3.0,2.0,1.0,1.0,8.0,2.0,4.0,1.0,2.0,4.0,2.0,1.0,1.0,3.0,1.0,4.0,3.0,0.0,3.0,0.0,1.0,5.0,3.0,2.0,4.0,2.0,3.0,2.0,0.0,1.0,2.0,1.0,3.0,1.0,4.0,1.0,2.0,1.0,2.0,5.0,2.0,4.0,3.0,3.0,2.0,1.0,4.0,4.0,2.0,2.0,4.0,3.0,1.0,1.0,4.0,0.0,3.0,3.0,3.0,4.0,3.0,1.0,3.0,1.0,4.0,2.0,2.0,4.0,1.0,6.0,2.0,3.0,1.0,1.0,3.0,2.0,5.0,1.0,1.0,5.0,3.0,2.0,2.0,2.0,2.0,4.0,5.0,0.0,2.0
359,3.0,1.0,2.0,2.0,1.0,4.0,0.0,3.0,3.0,1.0,1.0,1.0,5.0,4.0,1.0,2.0,3.0,4.0,3.0,4.0,4.0,0.0,3.0,2.0,3.0,2.0,8.0,2.0,0.0,2.0,1.0,0.0,4.0,4.0,1.0,3.0,5.0,1.0,6.0,1.0,0.0,6.0,3.0,4.0,2.0,4.0,2.0,2.0,0.0,1.0,5.0,3.0,5.0,4.0,5.0,1.0,7.0,1.0,4.0,1.0,3.0,3.0,0.0,4.0,2.0,5.0,2.0,1.0,1.0,2.0,2.0,1.0,0.0,3.0,4.0,2.0,3.0,4.0,1.0,2.0,2.0,2.0,4.0,2.0,1.0,2.0,2.0,0.0,2.0,1.0,1.0,1.0,2.0,2.0,4.0,3.0,0.0,1.0,1.0,4.0,2.0,0.0,1.0,2.0,1.0,4.0,1.0,1.0,3.0,2.0,1.0,2.0,6.0,0.0,3.0,1.0,4.0,1.0,2.0,1.0,2.0,3.0,3.0,2.0,3.0,1.0,7.0,2.0,2.0,1.0,4.0,4.0,4.0,2.0,0.0,2.0,2.0,4.0,2.0,1.0,1.0,1.0,3.0,3.0,2.0,7.0,2.0,1.0,0.0,0.0,4.0,6.0,1.0,2.0,2.0,0.0,5.0,1.0,3.0,2.0,1.0,6.0,1.0,1.0,3.0,1.0,4.0,5.0,3.0,5.0,3.0,4.0,6.0,1.0,3.0,4.0,7.0,2.0,2.0,4.0,3.0,3.0,1.0,2.0,1.0,1.0,1.0,2.0,2.0,1.0,3.0,1.0,4.0,1.0,4.0,1.0,5.0,0.0,1.0,5.0
364,1.0,0.0,2.0,1.0,2.0,3.0,2.0,1.0,1.0,5.0,3.0,2.0,0.0,2.0,2.0,1.0,3.0,0.0,3.0,2.0,4.0,2.0,3.0,3.0,3.0,2.0,3.0,1.0,3.0,3.0,5.0,2.0,2.0,2.0,2.0,3.0,5.0,2.0,4.0,2.0,0.0,1.0,4.0,0.0,1.0,0.0,6.0,1.0,0.0,0.0,1.0,1.0,1.0,1.0,2.0,2.0,4.0,2.0,5.0,1.0,2.0,3.0,2.0,5.0,3.0,1.0,2.0,1.0,2.0,2.0,2.0,0.0,1.0,3.0,4.0,1.0,2.0,0.0,0.0,0.0,2.0,1.0,2.0,1.0,1.0,0.0,1.0,4.0,6.0,4.0,1.0,0.0,4.0,1.0,4.0,1.0,3.0,0.0,2.0,0.0,0.0,1.0,3.0,1.0,4.0,2.0,1.0,2.0,1.0,1.0,1.0,1.0,3.0,2.0,2.0,4.0,1.0,6.0,2.0,2.0,2.0,4.0,2.0,1.0,1.0,2.0,1.0,0.0,2.0,1.0,1.0,3.0,2.0,4.0,3.0,1.0,2.0,2.0,2.0,5.0,2.0,4.0,2.0,1.0,2.0,5.0,2.0,2.0,2.0,2.0,2.0,2.0,2.0,3.0,1.0,2.0,2.0,3.0,2.0,5.0,0.0,7.0,1.0,7.0,2.0,7.0,3.0,1.0,4.0,0.0,2.0,3.0,4.0,3.0,4.0,6.0,2.0,1.0,1.0,1.0,3.0,1.0,2.0,2.0,6.0,0.0,1.0,1.0,5.0,3.0,1.0,1.0,0.0,4.0,3.0,3.0,1.0,1.0,2.0,3.0
369,0.0,2.0,0.0,1.0,0.0,1.0,0.0,0.0,3.0,0.0,2.0,1.0,1.0,0.0,4.0,0.0,2.0,1.0,2.0,2.0,2.0,2.0,2.0,1.0,2.0,2.0,2.0,2.0,2.0,2.0,2.0,3.0,3.0,3.0,5.0,0.0,3.0,1.0,3.0,1.0,2.0,2.0,3.0,1.0,4.0,2.0,3.0,3.0,3.0,2.0,2.0,3.0,0.0,0.0,1.0,1.0,3.0,4.0,0.0,2.0,3.0,0.0,4.0,1.0,1.0,0.0,4.0,4.0,4.0,2.0,3.0,1.0,1.0,3.0,4.0,1.0,1.0,3.0,0.0,3.0,1.0,1.0,2.0,0.0,1.0,2.0,1.0,3.0,2.0,3.0,0.0,0.0,1.0,3.0,0.0,1.0,2.0,1.0,3.0,2.0,1.0,1.0,1.0,3.0,3.0,1.0,1.0,1.0,1.0,1.0,3.0,3.0,1.0,4.0,2.0,3.0,2.0,2.0,2.0,0.0,2.0,2.0,2.0,3.0,1.0,3.0,4.0,2.0,2.0,3.0,3.0,5.0,1.0,2.0,3.0,1.0,1.0,1.0,3.0,0.0,2.0,4.0,0.0,3.0,2.0,3.0,1.0,5.0,1.0,2.0,2.0,0.0,3.0,0.0,0.0,2.0,2.0,1.0,2.0,0.0,2.0,2.0,4.0,2.0,2.0,1.0,1.0,1.0,6.0,2.0,1.0,2.0,2.0,3.0,0.0,1.0,0.0,1.0,0.0,1.0,1.0,2.0,0.0,2.0,3.0,1.0,2.0,4.0,4.0,1.0,1.0,0.0,1.0,2.0,0.0,3.0,1.0,2.0,2.0,1.0
374,2.0,1.0,0.0,1.0,0.0,1.0,1.0,4.0,1.0,1.0,0.0,0.0,1.0,0.0,4.0,2.0,3.0,3.0,0.0,0.0,0.0,0.0,2.0,2.0,1.0,2.0,0.0,2.0,1.0,0.0,1.0,0.0,0.0,1.0,2.0,0.0,3.0,2.0,3.0,0.0,0.0,1.0,2.0,0.0,2.0,1.0,1.0,0.0,2.0,1.0,2.0,4.0,3.0,2.0,1.0,0.0,1.0,1.0,2.0,0.0,1.0,0.0,2.0,4.0,3.0,0.0,1.0,1.0,2.0,2.0,0.0,0.0,1.0,3.0,3.0,2.0,0.0,1.0,0.0,2.0,1.0,2.0,1.0,0.0,0.0,3.0,1.0,6.0,1.0,2.0,1.0,1.0,4.0,0.0,3.0,1.0,1.0,1.0,0.0,0.0,2.0,1.0,1.0,0.0,2.0,1.0,3.0,1.0,1.0,0.0,1.0,1.0,0.0,0.0,0.0,2.0,0.0,1.0,0.0,2.0,2.0,2.0,2.0,0.0,2.0,2.0,1.0,3.0,0.0,1.0,2.0,1.0,2.0,1.0,1.0,0.0,0.0,2.0,2.0,2.0,1.0,4.0,2.0,1.0,2.0,0.0,2.0,1.0,1.0,2.0,2.0,1.0,0.0,1.0,2.0,1.0,3.0,0.0,1.0,1.0,1.0,2.0,2.0,1.0,1.0,2.0,1.0,1.0,1.0,2.0,2.0,2.0,1.0,1.0,0.0,1.0,2.0,0.0,1.0,3.0,0.0,1.0,2.0,1.0,0.0,3.0,1.0,1.0,1.0,7.0,0.0,4.0,1.0,0.0,1.0,0.0,3.0,1.0,2.0,2.0
379,2.0,1.0,0.0,0.0,1.0,4.0,4.0,1.0,2.0,2.0,0.0,5.0,1.0,2.0,4.0,2.0,5.0,2.0,0.0,4.0,1.0,0.0,1.0,2.0,1.0,0.0,2.0,0.0,2.0,0.0,0.0,0.0,1.0,2.0,2.0,0.0,1.0,0.0,1.0,4.0,3.0,1.0,0.0,0.0,1.0,0.0,2.0,3.0,2.0,2.0,1.0,2.0,2.0,2.0,1.0,0.0,1.0,1.0,0.0,0.0,0.0,0.0,1.0,1.0,2.0,0.0,1.0,0.0,2.0,3.0,1.0,0.0,2.0,0.0,2.0,0.0,1.0,1.0,2.0,1.0,0.0,2.0,0.0,2.0,1.0,2.0,3.0,2.0,2.0,0.0,1.0,1.0,0.0,3.0,2.0,4.0,0.0,2.0,3.0,3.0,0.0,5.0,2.0,2.0,1.0,3.0,4.0,3.0,0.0,2.0,0.0,1.0,2.0,0.0,0.0,1.0,2.0,0.0,1.0,1.0,0.0,2.0,2.0,3.0,1.0,0.0,3.0,2.0,2.0,1.0,0.0,0.0,3.0,2.0,1.0,1.0,1.0,0.0,0.0,1.0,3.0,1.0,1.0,2.0,2.0,3.0,2.0,0.0,0.0,0.0,1.0,2.0,2.0,0.0,1.0,0.0,1.0,1.0,3.0,1.0,0.0,2.0,0.0,5.0,1.0,0.0,1.0,3.0,3.0,2.0,1.0,0.0,1.0,0.0,1.0,1.0,2.0,1.0,1.0,1.0,2.0,4.0,1.0,1.0,1.0,4.0,1.0,1.0,1.0,0.0,0.0,1.0,0.0,2.0,1.0,0.0,2.0,1.0,1.0,3.0
384,2.0,0.0,0.0,0.0,1.0,0.0,3.0,2.0,1.0,0.0,0.0,1.0,1.0,2.0,2.0,1.0,0.0,1.0,0.0,3.0,1.0,0.0,3.0,1.0,0.0,0.0,1.0,2.0,1.0,1.0,2.0,2.0,1.0,1.0,1.0,0.0,0.0,0.0,2.0,0.0,1.0,2.0,0.0,1.0,0.0,0.0,2.0,2.0,0.0,2.0,1.0,1.0,0.0,0.0,0.0,0.0,0.0,1.0,1.0,0.0,1.0,2.0,1.0,1.0,0.0,1.0,1.0,1.0,0.0,3.0,1.0,0.0,0.0,0.0,2.0,2.0,2.0,1.0,3.0,1.0,0.0,1.0,0.0,1.0,0.0,1.0,1.0,2.0,0.0,1.0,2.0,3.0,0.0,0.0,1.0,2.0,0.0,2.0,2.0,1.0,1.0,1.0,0.0,1.0,1.0,1.0,0.0,2.0,0.0,0.0,1.0,3.0,1.0,5.0,4.0,1.0,1.0,1.0,0.0,1.0,1.0,2.0,0.0,1.0,0.0,2.0,1.0,1.0,0.0,0.0,2.0,2.0,1.0,1.0,1.0,2.0,0.0,2.0,1.0,0.0,2.0,0.0,0.0,2.0,2.0,2.0,0.0,0.0,0.0,0.0,1.0,1.0,0.0,2.0,0.0,0.0,2.0,2.0,1.0,0.0,0.0,1.0,1.0,3.0,0.0,0.0,1.0,2.0,1.0,1.0,3.0,2.0,1.0,1.0,2.0,1.0,0.0,2.0,2.0,2.0,0.0,0.0,2.0,1.0,1.0,1.0,0.0,0.0,1.0,1.0,0.0,0.0,1.0,1.0,2.0,0.0,1.0,0.0,0.0,1.0
389,2.0,2.0,0.0,0.0,0.0,1.0,0.0,2.0,0.0,1.0,0.0,2.0,0.0,2.0,0.0,0.0,0.0,0.0,0.0,0.0,1.0,2.0,0.0,0.0,0.0,0.0,1.0,0.0,0.0,0.0,0.0,1.0,2.0,2.0,3.0,2.0,2.0,0.0,0.0,4.0,0.0,2.0,0.0,1.0,2.0,1.0,1.0,1.0,0.0,3.0,3.0,0.0,1.0,1.0,0.0,2.0,0.0,2.0,1.0,0.0,1.0,1.0,1.0,2.0,3.0,0.0,2.0,1.0,1.0,1.0,1.0,0.0,0.0,0.0,2.0,1.0,2.0,1.0,1.0,0.0,2.0,0.0,1.0,0.0,1.0,1.0,1.0,0.0,2.0,0.0,1.0,0.0,1.0,3.0,1.0,0.0,0.0,0.0,3.0,1.0,1.0,2.0,1.0,0.0,0.0,1.0,0.0,4.0,3.0,0.0,2.0,1.0,2.0,4.0,1.0,3.0,1.0,0.0,0.0,0.0,0.0,1.0,2.0,0.0,1.0,1.0,0.0,0.0,0.0,1.0,1.0,0.0,0.0,3.0,1.0,0.0,0.0,2.0,3.0,0.0,1.0,0.0,1.0,1.0,2.0,2.0,0.0,3.0,1.0,0.0,0.0,0.0,0.0,0.0,2.0,0.0,2.0,1.0,1.0,1.0,2.0,1.0,0.0,1.0,3.0,1.0,1.0,2.0,1.0,1.0,1.0,0.0,1.0,3.0,1.0,0.0,0.0,0.0,2.0,0.0,1.0,1.0,0.0,0.0,3.0,0.0,0.0,1.0,0.0,2.0,2.0,3.0,0.0,2.0,0.0,1.0,2.0,1.0,1.0,0.0
394,1.0,3.0,0.0,0.0,0.0,1.0,1.0,3.0,2.0,2.0,2.0,2.0,1.0,2.0,2.0,0.0,1.0,1.0,3.0,2.0,1.0,1.0,0.0,0.0,1.0,1.0,1.0,1.0,1.0,2.0,1.0,1.0,1.0,0.0,1.0,1.0,1.0,1.0,2.0,0.0,2.0,0.0,2.0,1.0,0.0,1.0,0.0,0.0,2.0,0.0,0.0,0.0,0.0,0.0,0.0,0.0,0.0,0.0,0.0,1.0,2.0,1.0,0.0,1.0,0.0,0.0,1.0,0.0,0.0,0.0,1.0,1.0,2.0,0.0,0.0,1.0,0.0,0.0,0.0,3.0,1.0,0.0,0.0,1.0,1.0,2.0,1.0,1.0,0.0,0.0,0.0,2.0,4.0,1.0,0.0,1.0,0.0,0.0,1.0,0.0,0.0,0.0,0.0,3.0,1.0,4.0,1.0,2.0,4.0,0.0,1.0,3.0,0.0,1.0,1.0,1.0,2.0,0.0,1.0,0.0,0.0,1.0,0.0,0.0,2.0,0.0,1.0,0.0,0.0,1.0,1.0,0.0,1.0,1.0,0.0,2.0,0.0,0.0,1.0,1.0,0.0,2.0,2.0,1.0,1.0,0.0,2.0,0.0,2.0,2.0,1.0,1.0,1.0,2.0,1.0,1.0,1.0,2.0,0.0,0.0,1.0,0.0,0.0,0.0,2.0,1.0,1.0,0.0,3.0,0.0,1.0,1.0,0.0,3.0,2.0,0.0,1.0,0.0,0.0,1.0,0.0,0.0,0.0,0.0,0.0,1.0,2.0,2.0,1.0,2.0,0.0,0.0,0.0,0.0,2.0,0.0,1.0,1.0,0.0,0.0
399,0.0,0.0,0.0,0.0,2.0,0.0,2.0,0.0,1.0,0.0,2.0,1.0,1.0,0.0,0.0,0.0,0.0,1.0,1.0,0.0,1.0,0.0,0.0,0.0,1.0,1.0,1.0,0.0,0.0,0.0,0.0,0.0,0.0,1.0,1.0,0.0,0.0,1.0,0.0,0.0,1.0,0.0,0.0,0.0,0.0,0.0,0.0,3.0,1.0,1.0,1.0,0.0,1.0,1.0,0.0,2.0,1.0,1.0,0.0,0.0,1.0,0.0,0.0,3.0,2.0,0.0,1.0,0.0,0.0,2.0,1.0,1.0,1.0,2.0,1.0,1.0,1.0,0.0,1.0,1.0,0.0,0.0,0.0,0.0,1.0,1.0,1.0,1.0,1.0,1.0,1.0,1.0,0.0,1.0,0.0,2.0,4.0,1.0,0.0,0.0,1.0,0.0,1.0,0.0,1.0,0.0,2.0,0.0,1.0,1.0,2.0,1.0,2.0,1.0,1.0,1.0,1.0,2.0,1.0,0.0,1.0,1.0,0.0,1.0,1.0,1.0,0.0,1.0,0.0,0.0,0.0,0.0,1.0,1.0,0.0,1.0,0.0,1.0,1.0,0.0,0.0,0.0,1.0,1.0,1.0,2.0,0.0,0.0,1.0,1.0,0.0,0.0,1.0,0.0,1.0,0.0,2.0,0.0,1.0,2.0,0.0,2.0,1.0,0.0,1.0,3.0,2.0,0.0,0.0,0.0,1.0,1.0,3.0,0.0,0.0,0.0,1.0,0.0,2.0,0.0,1.0,2.0,1.0,0.0,0.0,0.0,1.0,0.0,1.0,0.0,0.0,0.0,0.0,2.0,2.0,1.0,1.0,0.0,1.0,0.0
404,0.0,2.0,1.0,0.0,1.0,0.0,0.0,0.0,2.0,0.0,1.0,0.0,0.0,1.0,0.0,1.0,2.0,1.0,1.0,1.0,0.0,0.0,1.0,0.0,0.0,0.0,0.0,1.0,2.0,0.0,1.0,1.0,0.0,0.0,0.0,0.0,0.0,2.0,1.0,1.0,0.0,1.0,3.0,2.0,1.0,1.0,0.0,1.0,0.0,1.0,0.0,0.0,1.0,0.0,2.0,1.0,0.0,0.0,1.0,0.0,0.0,1.0,2.0,0.0,0.0,0.0,1.0,0.0,1.0,1.0,0.0,0.0,0.0,0.0,0.0,0.0,2.0,1.0,0.0,4.0,1.0,0.0,0.0,0.0,0.0,2.0,0.0,1.0,1.0,0.0,0.0,0.0,1.0,2.0,1.0,0.0,0.0,2.0,0.0,1.0,1.0,0.0,0.0,1.0,0.0,1.0,0.0,1.0,0.0,1.0,0.0,1.0,0.0,1.0,0.0,2.0,0.0,1.0,1.0,1.0,1.0,1.0,1.0,0.0,2.0,1.0,0.0,1.0,0.0,0.0,1.0,1.0,1.0,1.0,1.0,0.0,2.0,1.0,0.0,0.0,2.0,0.0,1.0,1.0,1.0,1.0,0.0,0.0,0.0,1.0,0.0,0.0,0.0,1.0,1.0,0.0,0.0,0.0,1.0,0.0,0.0,0.0,0.0,1.0,0.0,0.0,0.0,0.0,1.0,0.0,1.0,1.0,0.0,0.0,2.0,0.0,1.0,0.0,0.0,2.0,1.0,1.0,0.0,1.0,0.0,1.0,0.0,1.0,1.0,0.0,0.0,1.0,0.0,0.0,0.0,1.0,0.0,2.0,1.0,1.0
409,0.0,2.0,1.0,1.0,1.0,0.0,0.0,0.0,0.0,0.0,0.0,0.0,0.0,0.0,0.0,1.0,1.0,0.0,0.0,0.0,0.0,2.0,0.0,0.0,1.0,0.0,0.0,0.0,0.0,2.0,0.0,1.0,0.0,1.0,1.0,0.0,1.0,2.0,0.0,0.0,0.0,0.0,0.0,0.0,1.0,0.0,0.0,1.0,2.0,0.0,1.0,0.0,0.0,1.0,0.0,2.0,0.0,0.0,1.0,0.0,0.0,1.0,0.0,2.0,0.0,0.0,0.0,1.0,0.0,0.0,0.0,2.0,1.0,0.0,0.0,1.0,1.0,0.0,1.0,0.0,0.0,1.0,0.0,1.0,0.0,1.0,2.0,0.0,0.0,0.0,2.0,0.0,1.0,2.0,0.0,1.0,2.0,1.0,0.0,0.0,1.0,1.0,1.0,1.0,3.0,0.0,0.0,1.0,1.0,0.0,1.0,1.0,1.0,2.0,0.0,0.0,1.0,3.0,0.0,0.0,0.0,2.0,0.0,0.0,2.0,0.0,0.0,1.0,0.0,0.0,0.0,1.0,1.0,0.0,0.0,0.0,1.0,1.0,1.0,0.0,1.0,0.0,0.0,1.0,0.0,1.0,1.0,2.0,0.0,0.0,0.0,0.0,0.0,0.0,1.0,0.0,0.0,0.0,1.0,0.0,1.0,0.0,2.0,0.0,0.0,4.0,0.0,0.0,0.0,1.0,0.0,0.0,0.0,0.0,3.0,0.0,2.0,0.0,0.0,1.0,0.0,1.0,1.0,0.0,0.0,0.0,0.0,0.0,0.0,0.0,1.0,0.0,1.0,1.0,1.0,1.0,0.0,0.0,2.0,0.0
414,0.0,1.0,2.0,1.0,0.0,0.0,0.0,0.0,2.0,0.0,0.0,0.0,0.0,1.0,1.0,0.0,2.0,0.0,0.0,0.0,2.0,1.0,1.0,0.0,1.0,0.0,0.0,0.0,0.0,1.0,0.0,0.0,1.0,2.0,0.0,0.0,1.0,1.0,0.0,1.0,1.0,0.0,0.0,2.0,0.0,0.0,1.0,0.0,1.0,0.0,0.0,0.0,0.0,1.0,0.0,0.0,0.0,0.0,0.0,0.0,2.0,0.0,2.0,0.0,1.0,1.0,0.0,0.0,1.0,2.0,0.0,0.0,0.0,1.0,3.0,0.0,0.0,0.0,1.0,0.0,0.0,1.0,0.0,0.0,0.0,1.0,1.0,0.0,0.0,0.0,0.0,0.0,0.0,0.0,0.0,0.0,0.0,0.0,0.0,0.0,1.0,1.0,0.0,0.0,1.0,0.0,0.0,1.0,1.0,2.0,1.0,0.0,2.0,0.0,2.0,1.0,1.0,0.0,0.0,2.0,1.0,0.0,0.0,0.0,0.0,0.0,0.0,1.0,1.0,0.0,0.0,0.0,0.0,0.0,1.0,1.0,0.0,0.0,1.0,0.0,0.0,0.0,2.0,1.0,1.0,0.0,0.0,2.0,1.0,0.0,0.0,1.0,0.0,1.0,0.0,0.0,0.0,3.0,0.0,0.0,1.0,0.0,0.0,0.0,1.0,0.0,0.0,1.0,1.0,0.0,1.0,2.0,1.0,0.0,2.0,0.0,0.0,0.0,2.0,1.0,0.0,0.0,0.0,0.0,1.0,1.0,0.0,0.0,1.0,1.0,1.0,2.0,1.0,0.0,0.0,0.0,1.0,0.0,0.0,0.0
419,0.0,1.0,0.0,0.0,1.0,1.0,0.0,0.0,2.0,0.0,1.0,0.0,0.0,1.0,0.0,0.0,0.0,1.0,0.0,0.0,0.0,1.0,0.0,1.0,0.0,0.0,1.0,0.0,0.0,1.0,0.0,0.0,0.0,1.0,0.0,0.0,0.0,1.0,0.0,0.0,1.0,1.0,0.0,0.0,0.0,0.0,0.0,1.0,1.0,1.0,0.0,0.0,1.0,1.0,2.0,1.0,1.0,0.0,0.0,0.0,0.0,1.0,0.0,2.0,2.0,0.0,0.0,0.0,0.0,0.0,2.0,0.0,1.0,0.0,0.0,1.0,0.0,0.0,0.0,0.0,0.0,1.0,0.0,0.0,1.0,0.0,2.0,0.0,0.0,0.0,2.0,1.0,0.0,0.0,0.0,0.0,3.0,1.0,0.0,0.0,1.0,0.0,1.0,0.0,0.0,0.0,0.0,1.0,1.0,0.0,0.0,0.0,1.0,0.0,0.0,2.0,0.0,0.0,1.0,1.0,0.0,0.0,0.0,1.0,0.0,1.0,0.0,1.0,0.0,0.0,1.0,0.0,1.0,0.0,0.0,0.0,1.0,0.0,0.0,0.0,0.0,0.0,0.0,0.0,1.0,2.0,1.0,2.0,0.0,0.0,0.0,3.0,3.0,0.0,0.0,0.0,0.0,0.0,1.0,1.0,0.0,2.0,0.0,2.0,0.0,0.0,0.0,0.0,0.0,0.0,1.0,0.0,0.0,0.0,0.0,0.0,0.0,0.0,0.0,0.0,1.0,1.0,0.0,0.0,1.0,0.0,0.0,0.0,0.0,0.0,0.0,1.0,0.0,1.0,1.0,1.0,0.0,0.0,0.0,0.0
424,0.0,0.0,0.0,0.0,2.0,0.0,0.0,0.0,2.0,0.0,0.0,1.0,0.0,0.0,0.0,1.0,0.0,1.0,0.0,1.0,2.0,1.0,0.0,0.0,0.0,0.0,0.0,1.0,1.0,0.0,0.0,0.0,0.0,1.0,0.0,0.0,0.0,0.0,0.0,1.0,1.0,1.0,0.0,2.0,0.0,1.0,2.0,0.0,0.0,2.0,1.0,1.0,0.0,0.0,0.0,1.0,0.0,1.0,0.0,1.0,1.0,0.0,0.0,1.0,1.0,0.0,0.0,0.0,1.0,0.0,0.0,1.0,0.0,2.0,0.0,1.0,1.0,1.0,0.0,1.0,0.0,1.0,1.0,1.0,1.0,0.0,0.0,1.0,0.0,0.0,1.0,0.0,1.0,0.0,0.0,1.0,0.0,0.0,0.0,2.0,0.0,0.0,2.0,1.0,1.0,0.0,0.0,0.0,1.0,2.0,1.0,0.0,1.0,0.0,0.0,1.0,1.0,1.0,1.0,0.0,0.0,0.0,0.0,0.0,0.0,0.0,0.0,1.0,0.0,2.0,0.0,1.0,0.0,0.0,1.0,2.0,0.0,0.0,0.0,0.0,1.0,0.0,1.0,0.0,0.0,0.0,0.0,1.0,0.0,0.0,1.0,1.0,1.0,1.0,0.0,0.0,0.0,0.0,0.0,1.0,0.0,0.0,1.0,0.0,0.0,0.0,1.0,0.0,0.0,1.0,0.0,1.0,0.0,0.0,0.0,1.0,0.0,1.0,0.0,0.0,0.0,0.0,0.0,1.0,3.0,0.0,0.0,0.0,0.0,1.0,0.0,1.0,1.0,1.0,0.0,2.0,0.0,0.0,0.0,0.0
429,0.0,1.0,0.0,0.0,0.0,0.0,1.0,0.0,0.0,1.0,2.0,1.0,0.0,1.0,0.0,0.0,4.0,0.0,1.0,0.0,1.0,0.0,0.0,1.0,0.0,2.0,0.0,1.0,0.0,2.0,0.0,0.0,1.0,1.0,0.0,0.0,0.0,0.0,0.0,0.0,0.0,1.0,0.0,0.0,1.0,0.0,0.0,0.0,0.0,0.0,0.0,0.0,0.0,0.0,0.0,1.0,0.0,0.0,0.0,0.0,0.0,0.0,0.0,0.0,0.0,2.0,0.0,0.0,2.0,0.0,1.0,1.0,2.0,0.0,1.0,0.0,0.0,2.0,1.0,2.0,1.0,1.0,0.0,0.0,0.0,1.0,1.0,0.0,0.0,0.0,0.0,1.0,0.0,0.0,0.0,0.0,0.0,0.0,0.0,1.0,0.0,1.0,1.0,0.0,1.0,0.0,0.0,1.0,2.0,1.0,1.0,1.0,0.0,1.0,1.0,0.0,2.0,1.0,0.0,0.0,2.0,3.0,1.0,0.0,0.0,0.0,0.0,0.0,0.0,1.0,0.0,0.0,0.0,0.0,1.0,0.0,0.0,0.0,0.0,1.0,0.0,0.0,0.0,0.0,0.0,1.0,1.0,0.0,1.0,1.0,2.0,0.0,0.0,3.0,0.0,1.0,0.0,1.0,0.0,0.0,0.0,1.0,0.0,0.0,1.0,0.0,1.0,1.0,0.0,1.0,1.0,0.0,0.0,1.0,0.0,1.0,0.0,0.0,0.0,0.0,0.0,1.0,0.0,1.0,0.0,1.0,1.0,0.0,1.0,0.0,0.0,0.0,0.0,1.0,0.0,0.0,1.0,0.0,0.0,0.0
434,1.0,0.0,1.0,0.0,0.0,1.0,0.0,0.0,0.0,0.0,0.0,0.0,1.0,0.0,1.0,0.0,0.0,0.0,0.0,0.0,0.0,0.0,0.0,1.0,0.0,2.0,0.0,0.0,0.0,3.0,1.0,0.0,0.0,0.0,0.0,0.0,0.0,2.0,0.0,0.0,1.0,1.0,0.0,0.0,0.0,1.0,0.0,0.0,0.0,2.0,0.0,0.0,0.0,0.0,0.0,0.0,0.0,0.0,0.0,1.0,0.0,1.0,0.0,0.0,1.0,0.0,0.0,2.0,0.0,1.0,1.0,0.0,1.0,1.0,0.0,2.0,1.0,2.0,0.0,0.0,0.0,1.0,0.0,0.0,1.0,1.0,1.0,2.0,0.0,0.0,2.0,1.0,0.0,1.0,0.0,1.0,0.0,0.0,0.0,0.0,1.0,0.0,2.0,0.0,2.0,2.0,0.0,0.0,1.0,0.0,1.0,1.0,0.0,0.0,0.0,1.0,0.0,0.0,0.0,3.0,0.0,1.0,1.0,2.0,0.0,0.0,0.0,1.0,1.0,1.0,0.0,0.0,0.0,1.0,0.0,1.0,1.0,1.0,0.0,1.0,0.0,2.0,1.0,1.0,2.0,2.0,0.0,0.0,1.0,0.0,1.0,2.0,0.0,0.0,1.0,0.0,0.0,0.0,0.0,1.0,0.0,1.0,0.0,0.0,1.0,1.0,0.0,3.0,0.0,0.0,0.0,0.0,1.0,0.0,0.0,0.0,0.0,1.0,0.0,1.0,0.0,0.0,0.0,0.0,0.0,0.0,0.0,0.0,3.0,1.0,1.0,2.0,1.0,1.0,0.0,1.0,0.0,1.0,0.0,0.0
439,1.0,0.0,0.0,1.0,0.0,1.0,0.0,1.0,1.0,2.0,0.0,1.0,0.0,1.0,2.0,0.0,0.0,2.0,0.0,0.0,0.0,1.0,0.0,0.0,0.0,0.0,1.0,1.0,0.0,0.0,0.0,1.0,0.0,1.0,3.0,1.0,0.0,0.0,0.0,0.0,0.0,0.0,2.0,0.0,0.0,1.0,1.0,0.0,2.0,0.0,0.0,1.0,2.0,1.0,0.0,1.0,0.0,0.0,0.0,1.0,0.0,1.0,0.0,0.0,1.0,1.0,1.0,0.0,0.0,0.0,0.0,0.0,0.0,0.0,1.0,0.0,0.0,0.0,1.0,1.0,1.0,2.0,1.0,1.0,1.0,0.0,0.0,1.0,0.0,1.0,0.0,1.0,0.0,0.0,0.0,2.0,0.0,0.0,1.0,0.0,1.0,0.0,2.0,1.0,1.0,2.0,1.0,1.0,0.0,0.0,0.0,1.0,1.0,2.0,0.0,1.0,1.0,0.0,1.0,0.0,1.0,0.0,0.0,0.0,1.0,0.0,0.0,1.0,0.0,1.0,1.0,1.0,1.0,0.0,0.0,1.0,0.0,2.0,0.0,1.0,1.0,0.0,0.0,0.0,0.0,1.0,0.0,0.0,0.0,2.0,3.0,0.0,2.0,1.0,0.0,1.0,2.0,0.0,0.0,1.0,0.0,1.0,0.0,0.0,1.0,0.0,2.0,1.0,0.0,0.0,2.0,0.0,0.0,0.0,2.0,0.0,1.0,0.0,1.0,1.0,1.0,1.0,0.0,1.0,0.0,0.0,0.0,0.0,0.0,1.0,0.0,0.0,2.0,0.0,0.0,1.0,0.0,1.0,1.0,0.0
444,0.0,1.0,0.0,1.0,0.0,2.0,0.0,1.0,1.0,0.0,0.0,1.0,0.0,3.0,1.0,0.0,1.0,0.0,0.0,1.0,0.0,2.0,0.0,1.0,1.0,0.0,1.0,1.0,2.0,0.0,1.0,0.0,2.0,0.0,0.0,0.0,1.0,0.0,1.0,1.0,0.0,1.0,1.0,0.0,1.0,0.0,0.0,2.0,1.0,0.0,0.0,0.0,1.0,0.0,0.0,0.0,1.0,0.0,3.0,2.0,0.0,1.0,1.0,0.0,0.0,0.0,0.0,2.0,0.0,1.0,3.0,1.0,1.0,0.0,0.0,0.0,0.0,0.0,0.0,0.0,0.0,0.0,0.0,0.0,1.0,0.0,0.0,0.0,0.0,0.0,0.0,1.0,0.0,1.0,0.0,0.0,0.0,1.0,0.0,0.0,1.0,2.0,0.0,0.0,0.0,0.0,1.0,3.0,2.0,1.0,0.0,0.0,2.0,1.0,0.0,3.0,0.0,0.0,2.0,0.0,1.0,0.0,1.0,1.0,0.0,0.0,0.0,1.0,1.0,0.0,0.0,1.0,2.0,0.0,1.0,1.0,1.0,1.0,0.0,0.0,0.0,0.0,1.0,0.0,1.0,2.0,0.0,0.0,1.0,0.0,1.0,0.0,0.0,1.0,0.0,0.0,0.0,3.0,0.0,0.0,0.0,0.0,0.0,1.0,1.0,0.0,2.0,1.0,0.0,2.0,0.0,2.0,0.0,1.0,0.0,0.0,0.0,0.0,2.0,1.0,0.0,1.0,1.0,0.0,0.0,0.0,0.0,0.0,1.0,1.0,2.0,0.0,0.0,0.0,0.0,0.0,1.0,0.0,0.0,0.0
449,0.0,0.0,1.0,2.0,2.0,0.0,0.0,0.0,1.0,1.0,1.0,0.0,0.0,0.0,0.0,0.0,0.0,2.0,3.0,1.0,2.0,0.0,2.0,0.0,1.0,0.0,0.0,3.0,2.0,1.0,2.0,0.0,0.0,0.0,0.0,1.0,0.0,0.0,2.0,1.0,0.0,0.0,0.0,0.0,0.0,1.0,0.0,1.0,0.0,3.0,0.0,1.0,1.0,1.0,0.0,0.0,2.0,0.0,0.0,1.0,1.0,1.0,0.0,2.0,0.0,1.0,0.0,1.0,1.0,0.0,0.0,0.0,0.0,0.0,0.0,0.0,1.0,0.0,0.0,0.0,0.0,2.0,0.0,1.0,0.0,0.0,0.0,1.0,1.0,1.0,0.0,2.0,0.0,1.0,0.0,0.0,0.0,1.0,0.0,0.0,0.0,0.0,0.0,2.0,0.0,1.0,1.0,2.0,1.0,1.0,1.0,1.0,0.0,0.0,1.0,1.0,1.0,1.0,1.0,0.0,2.0,0.0,0.0,0.0,1.0,0.0,0.0,0.0,1.0,1.0,1.0,1.0,0.0,2.0,1.0,0.0,1.0,0.0,2.0,1.0,1.0,0.0,0.0,0.0,1.0,0.0,0.0,2.0,2.0,0.0,0.0,0.0,1.0,1.0,1.0,0.0,0.0,0.0,1.0,0.0,0.0,2.0,2.0,1.0,0.0,2.0,0.0,0.0,0.0,0.0,1.0,0.0,1.0,0.0,0.0,1.0,0.0,0.0,1.0,0.0,1.0,0.0,1.0,1.0,1.0,1.0,0.0,0.0,0.0,0.0,0.0,1.0,1.0,0.0,0.0,1.0,0.0,0.0,0.0,2.0
454,0.0,0.0,0.0,0.0,0.0,1.0,0.0,0.0,0.0,0.0,0.0,1.0,0.0,0.0,0.0,0.0,1.0,1.0,0.0,0.0,0.0,0.0,0.0,0.0,0.0,2.0,0.0,0.0,0.0,0.0,5.0,1.0,3.0,4.0,0.0,0.0,0.0,0.0,1.0,0.0,1.0,0.0,0.0,1.0,2.0,0.0,0.0,0.0,0.0,1.0,0.0,0.0,0.0,0.0,0.0,0.0,2.0,0.0,0.0,1.0,0.0,1.0,0.0,0.0,1.0,0.0,1.0,0.0,3.0,1.0,0.0,2.0,0.0,2.0,0.0,0.0,1.0,0.0,0.0,0.0,0.0,0.0,1.0,1.0,0.0,1.0,1.0,0.0,1.0,1.0,1.0,1.0,0.0,1.0,0.0,0.0,0.0,0.0,0.0,0.0,0.0,0.0,0.0,1.0,2.0,1.0,2.0,1.0,0.0,2.0,0.0,1.0,1.0,0.0,1.0,0.0,0.0,0.0,1.0,1.0,0.0,1.0,0.0,2.0,1.0,1.0,0.0,0.0,3.0,0.0,0.0,1.0,1.0,0.0,2.0,0.0,0.0,0.0,1.0,1.0,1.0,0.0,0.0,0.0,0.0,1.0,1.0,0.0,0.0,1.0,1.0,1.0,1.0,0.0,0.0,0.0,0.0,1.0,0.0,2.0,1.0,1.0,0.0,0.0,1.0,0.0,0.0,1.0,0.0,0.0,0.0,0.0,1.0,0.0,0.0,0.0,0.0,0.0,1.0,0.0,0.0,0.0,1.0,1.0,0.0,0.0,1.0,1.0,1.0,1.0,0.0,0.0,0.0,1.0,3.0,2.0,0.0,0.0,0.0,0.0
459,1.0,0.0,1.0,0.0,0.0,1.0,3.0,1.0,0.0,1.0,0.0,0.0,0.0,0.0,3.0,1.0,1.0,0.0,1.0,0.0,0.0,1.0,0.0,0.0,0.0,0.0,1.0,1.0,1.0,2.0,0.0,1.0,0.0,1.0,1.0,0.0,0.0,2.0,0.0,0.0,0.0,1.0,0.0,1.0,0.0,0.0,1.0,1.0,2.0,1.0,1.0,0.0,1.0,1.0,1.0,0.0,0.0,0.0,0.0,1.0,0.0,0.0,2.0,1.0,0.0,1.0,2.0,0.0,0.0,1.0,0.0,1.0,0.0,2.0,0.0,0.0,1.0,0.0,0.0,1.0,1.0,0.0,1.0,0.0,1.0,0.0,2.0,1.0,2.0,3.0,0.0,1.0,0.0,1.0,1.0,2.0,0.0,0.0,0.0,0.0,1.0,1.0,1.0,0.0,0.0,1.0,0.0,0.0,1.0,1.0,0.0,0.0,1.0,0.0,2.0,1.0,0.0,1.0,0.0,2.0,0.0,1.0,1.0,0.0,0.0,0.0,1.0,0.0,2.0,0.0,3.0,1.0,0.0,1.0,2.0,1.0,0.0,0.0,1.0,1.0,0.0,1.0,0.0,0.0,1.0,1.0,2.0,1.0,0.0,1.0,0.0,1.0,0.0,0.0,1.0,0.0,1.0,0.0,1.0,0.0,1.0,0.0,1.0,0.0,0.0,1.0,0.0,0.0,1.0,1.0,1.0,2.0,1.0,2.0,0.0,0.0,0.0,0.0,1.0,1.0,0.0,1.0,2.0,1.0,0.0,1.0,0.0,0.0,1.0,0.0,2.0,0.0,2.0,0.0,0.0,0.0,0.0,1.0,1.0,0.0
464,0.0,1.0,1.0,0.0,0.0,0.0,0.0,0.0,2.0,0.0,1.0,1.0,0.0,1.0,0.0,0.0,0.0,0.0,1.0,1.0,1.0,0.0,1.0,1.0,0.0,0.0,1.0,0.0,0.0,1.0,1.0,0.0,0.0,0.0,1.0,0.0,0.0,0.0,1.0,1.0,0.0,0.0,0.0,3.0,0.0,2.0,1.0,1.0,0.0,0.0,0.0,0.0,3.0,0.0,0.0,1.0,0.0,1.0,2.0,0.0,0.0,1.0,1.0,0.0,0.0,3.0,1.0,0.0,1.0,0.0,1.0,0.0,1.0,2.0,0.0,2.0,0.0,0.0,2.0,0.0,2.0,0.0,1.0,1.0,0.0,3.0,2.0,0.0,0.0,1.0,0.0,1.0,2.0,2.0,1.0,0.0,0.0,0.0,2.0,0.0,0.0,1.0,0.0,0.0,0.0,1.0,0.0,2.0,1.0,0.0,1.0,2.0,2.0,3.0,0.0,0.0,1.0,3.0,1.0,0.0,0.0,0.0,0.0,2.0,0.0,0.0,0.0,1.0,0.0,2.0,1.0,1.0,1.0,0.0,1.0,0.0,0.0,1.0,0.0,2.0,1.0,2.0,0.0,1.0,0.0,1.0,1.0,1.0,0.0,0.0,0.0,0.0,1.0,3.0,1.0,2.0,2.0,0.0,2.0,1.0,0.0,0.0,0.0,2.0,0.0,1.0,0.0,1.0,2.0,0.0,0.0,1.0,2.0,0.0,1.0,0.0,0.0,1.0,1.0,3.0,1.0,0.0,1.0,1.0,0.0,0.0,1.0,0.0,0.0,0.0,0.0,0.0,1.0,0.0,0.0,1.0,1.0,0.0,0.0,1.0
469,1.0,0.0,1.0,2.0,2.0,0.0,2.0,2.0,0.0,0.0,1.0,0.0,1.0,2.0,0.0,0.0,0.0,0.0,1.0,0.0,0.0,2.0,0.0,0.0,0.0,0.0,0.0,1.0,0.0,0.0,0.0,1.0,1.0,0.0,0.0,1.0,0.0,0.0,2.0,0.0,2.0,0.0,1.0,0.0,2.0,1.0,1.0,0.0,1.0,1.0,1.0,1.0,0.0,1.0,1.0,5.0,2.0,2.0,0.0,3.0,1.0,0.0,1.0,0.0,0.0,1.0,1.0,0.0,0.0,0.0,0.0,2.0,1.0,1.0,2.0,1.0,0.0,0.0,2.0,1.0,0.0,1.0,1.0,1.0,0.0,0.0,0.0,0.0,0.0,0.0,0.0,1.0,2.0,1.0,0.0,0.0,1.0,0.0,1.0,0.0,0.0,0.0,2.0,0.0,0.0,1.0,1.0,1.0,2.0,1.0,1.0,1.0,1.0,0.0,0.0,2.0,2.0,1.0,1.0,0.0,0.0,1.0,1.0,0.0,1.0,1.0,0.0,0.0,1.0,1.0,0.0,2.0,3.0,1.0,1.0,0.0,1.0,1.0,2.0,0.0,0.0,2.0,0.0,0.0,0.0,1.0,1.0,1.0,0.0,1.0,0.0,1.0,1.0,2.0,3.0,1.0,0.0,0.0,2.0,1.0,1.0,0.0,0.0,2.0,0.0,1.0,2.0,1.0,1.0,0.0,0.0,1.0,1.0,0.0,0.0,0.0,0.0,0.0,0.0,0.0,1.0,0.0,1.0,0.0,0.0,0.0,0.0,1.0,0.0,1.0,0.0,1.0,1.0,0.0,1.0,1.0,0.0,0.0,0.0,2.0
474,2.0,0.0,0.0,0.0,1.0,0.0,1.0,2.0,0.0,2.0,1.0,0.0,0.0,0.0,1.0,0.0,0.0,1.0,0.0,0.0,0.0,1.0,1.0,0.0,0.0,0.0,0.0,0.0,0.0,0.0,1.0,0.0,1.0,1.0,0.0,2.0,0.0,2.0,2.0,1.0,0.0,0.0,0.0,0.0,0.0,1.0,2.0,3.0,1.0,1.0,0.0,0.0,1.0,0.0,1.0,0.0,0.0,2.0,0.0,0.0,0.0,1.0,0.0,0.0,2.0,0.0,0.0,1.0,2.0,0.0,0.0,1.0,0.0,1.0,0.0,0.0,2.0,1.0,0.0,0.0,0.0,2.0,0.0,0.0,0.0,0.0,0.0,1.0,0.0,0.0,0.0,0.0,1.0,3.0,2.0,1.0,1.0,0.0,1.0,0.0,1.0,0.0,1.0,0.0,0.0,1.0,0.0,0.0,1.0,0.0,0.0,1.0,0.0,0.0,0.0,1.0,1.0,0.0,0.0,1.0,0.0,1.0,1.0,1.0,2.0,2.0,0.0,1.0,0.0,2.0,1.0,2.0,1.0,0.0,1.0,1.0,1.0,0.0,3.0,0.0,1.0,1.0,0.0,0.0,0.0,1.0,2.0,0.0,0.0,0.0,1.0,0.0,0.0,1.0,3.0,0.0,0.0,1.0,1.0,0.0,0.0,0.0,1.0,1.0,0.0,0.0,0.0,1.0,0.0,1.0,0.0,1.0,0.0,1.0,0.0,0.0,1.0,0.0,1.0,2.0,1.0,0.0,1.0,1.0,0.0,1.0,0.0,0.0,0.0,0.0,2.0,1.0,0.0,0.0,1.0,1.0,2.0,1.0,3.0,0.0
479,2.0,0.0,0.0,0.0,2.0,0.0,0.0,2.0,1.0,0.0,1.0,0.0,0.0,0.0,1.0,2.0,0.0,1.0,1.0,2.0,2.0,1.0,0.0,1.0,0.0,0.0,0.0,1.0,3.0,0.0,1.0,1.0,0.0,1.0,1.0,1.0,0.0,0.0,1.0,3.0,1.0,0.0,1.0,0.0,1.0,2.0,3.0,0.0,2.0,0.0,2.0,0.0,0.0,1.0,3.0,1.0,0.0,0.0,2.0,1.0,0.0,0.0,0.0,1.0,0.0,1.0,1.0,1.0,1.0,0.0,0.0,2.0,0.0,1.0,2.0,1.0,0.0,1.0,1.0,0.0,0.0,0.0,0.0,0.0,0.0,2.0,0.0,0.0,1.0,0.0,1.0,0.0,2.0,0.0,0.0,0.0,1.0,1.0,1.0,1.0,0.0,0.0,1.0,1.0,0.0,3.0,1.0,0.0,1.0,0.0,0.0,0.0,0.0,1.0,1.0,0.0,0.0,1.0,0.0,0.0,2.0,0.0,3.0,2.0,1.0,1.0,0.0,0.0,0.0,0.0,0.0,1.0,1.0,0.0,0.0,1.0,0.0,1.0,1.0,0.0,1.0,2.0,0.0,0.0,2.0,1.0,3.0,1.0,2.0,0.0,1.0,0.0,1.0,0.0,1.0,2.0,0.0,0.0,1.0,0.0,0.0,1.0,0.0,0.0,1.0,1.0,0.0,0.0,1.0,2.0,1.0,2.0,0.0,1.0,0.0,0.0,0.0,0.0,1.0,1.0,0.0,1.0,1.0,1.0,0.0,1.0,1.0,0.0,0.0,0.0,1.0,1.0,1.0,2.0,1.0,0.0,1.0,0.0,0.0,0.0
484,2.0,0.0,0.0,2.0,1.0,0.0,0.0,1.0,0.0,0.0,1.0,0.0,1.0,1.0,2.0,0.0,0.0,1.0,1.0,2.0,0.0,1.0,0.0,0.0,0.0,0.0,1.0,1.0,0.0,1.0,2.0,0.0,1.0,0.0,1.0,0.0,2.0,1.0,1.0,0.0,1.0,0.0,1.0,0.0,0.0,0.0,1.0,0.0,1.0,0.0,2.0,0.0,1.0,0.0,1.0,1.0,1.0,0.0,2.0,0.0,1.0,0.0,1.0,0.0,0.0,1.0,0.0,1.0,1.0,0.0,1.0,3.0,1.0,0.0,1.0,0.0,0.0,1.0,1.0,0.0,0.0,0.0,1.0,1.0,0.0,0.0,1.0,1.0,0.0,0.0,1.0,0.0,0.0,0.0,0.0,1.0,0.0,0.0,0.0,0.0,2.0,0.0,0.0,0.0,0.0,0.0,0.0,2.0,0.0,1.0,1.0,1.0,0.0,0.0,0.0,2.0,0.0,1.0,0.0,0.0,1.0,0.0,0.0,2.0,1.0,0.0,1.0,0.0,1.0,1.0,0.0,0.0,0.0,0.0,1.0,0.0,1.0,0.0,1.0,0.0,1.0,1.0,0.0,0.0,0.0,0.0,1.0,2.0,1.0,0.0,1.0,0.0,1.0,0.0,1.0,1.0,0.0,1.0,1.0,0.0,0.0,2.0,0.0,1.0,0.0,0.0,0.0,1.0,1.0,0.0,1.0,0.0,1.0,0.0,0.0,1.0,2.0,1.0,0.0,1.0,0.0,0.0,0.0,0.0,0.0,1.0,1.0,0.0,2.0,1.0,0.0,1.0,0.0,1.0,0.0,0.0,0.0,1.0,3.0,0.0
489,1.0,1.0,0.0,1.0,1.0,0.0,1.0,0.0,0.0,0.0,1.0,1.0,1.0,0.0,1.0,0.0,0.0,0.0,2.0,1.0,0.0,0.0,1.0,1.0,0.0,1.0,0.0,0.0,0.0,0.0,1.0,0.0,1.0,0.0,1.0,0.0,0.0,2.0,0.0,0.0,2.0,0.0,0.0,0.0,0.0,1.0,0.0,1.0,0.0,0.0,0.0,1.0,1.0,0.0,0.0,0.0,3.0,0.0,0.0,1.0,0.0,1.0,0.0,0.0,0.0,0.0,0.0,0.0,0.0,1.0,1.0,0.0,2.0,0.0,0.0,2.0,0.0,1.0,4.0,0.0,0.0,0.0,0.0,0.0,1.0,1.0,0.0,1.0,2.0,0.0,1.0,0.0,1.0,0.0,0.0,0.0,0.0,0.0,0.0,0.0,0.0,0.0,1.0,0.0,1.0,0.0,1.0,0.0,0.0,0.0,0.0,0.0,0.0,0.0,0.0,0.0,1.0,0.0,0.0,0.0,1.0,0.0,1.0,3.0,0.0,0.0,2.0,0.0,1.0,2.0,2.0,0.0,0.0,0.0,0.0,0.0,1.0,1.0,0.0,0.0,1.0,0.0,0.0,1.0,1.0,1.0,1.0,0.0,0.0,0.0,0.0,1.0,0.0,2.0,2.0,1.0,0.0,1.0,0.0,0.0,0.0,2.0,2.0,0.0,1.0,0.0,1.0,0.0,1.0,1.0,0.0,0.0,1.0,0.0,1.0,0.0,1.0,0.0,1.0,0.0,0.0,0.0,0.0,1.0,0.0,0.0,0.0,0.0,2.0,1.0,0.0,0.0,0.0,3.0,0.0,1.0,1.0,2.0,1.0,0.0
494,0.0,1.0,1.0,1.0,0.0,0.0,1.0,0.0,0.0,1.0,0.0,2.0,1.0,0.0,0.0,0.0,0.0,1.0,0.0,0.0,1.0,3.0,1.0,0.0,0.0,1.0,0.0,0.0,0.0,1.0,0.0,2.0,1.0,0.0,0.0,0.0,2.0,0.0,0.0,0.0,1.0,3.0,1.0,1.0,1.0,0.0,0.0,0.0,0.0,0.0,0.0,1.0,2.0,0.0,0.0,0.0,0.0,2.0,0.0,0.0,0.0,1.0,1.0,1.0,1.0,2.0,0.0,0.0,1.0,1.0,1.0,0.0,0.0,1.0,0.0,2.0,0.0,0.0,1.0,0.0,1.0,1.0,0.0,1.0,0.0,0.0,0.0,0.0,0.0,1.0,0.0,1.0,0.0,0.0,0.0,0.0,0.0,0.0,0.0,0.0,0.0,0.0,0.0,0.0,0.0,0.0,1.0,0.0,1.0,0.0,1.0,0.0,1.0,0.0,0.0,1.0,0.0,0.0,1.0,1.0,0.0,0.0,1.0,0.0,0.0,0.0,1.0,0.0,2.0,0.0,0.0,0.0,1.0,0.0,0.0,0.0,0.0,2.0,0.0,1.0,0.0,0.0,0.0,0.0,1.0,0.0,1.0,0.0,0.0,0.0,0.0,0.0,1.0,0.0,0.0,0.0,1.0,0.0,1.0,0.0,0.0,0.0,0.0,0.0,0.0,0.0,0.0,0.0,0.0,0.0,1.0,2.0,0.0,2.0,0.0,1.0,1.0,0.0,0.0,0.0,3.0,0.0,1.0,0.0,0.0,1.0,0.0,0.0,0.0,1.0,0.0,1.0,0.0,1.0,1.0,0.0,0.0,1.0,0.0,0.0
499,0.0,1.0,0.0,0.0,0.0,0.0,0.0,1.0,1.0,0.0,0.0,0.0,0.0,0.0,0.0,0.0,1.0,0.0,0.0,0.0,1.0,0.0,1.0,0.0,1.0,0.0,0.0,1.0,0.0,0.0,0.0,1.0,0.0,1.0,0.0,1.0,0.0,0.0,0.0,0.0,3.0,0.0,0.0,0.0,0.0,1.0,0.0,1.0,1.0,1.0,1.0,0.0,2.0,1.0,0.0,0.0,1.0,1.0,2.0,0.0,1.0,0.0,1.0,0.0,0.0,1.0,1.0,0.0,0.0,0.0,1.0,2.0,0.0,0.0,0.0,0.0,0.0,0.0,0.0,0.0,0.0,0.0,0.0,0.0,0.0,0.0,0.0,2.0,0.0,1.0,1.0,0.0,1.0,0.0,0.0,0.0,0.0,0.0,0.0,0.0,0.0,2.0,1.0,0.0,2.0,1.0,0.0,2.0,0.0,1.0,0.0,0.0,2.0,0.0,0.0,1.0,0.0,0.0,0.0,0.0,0.0,0.0,0.0,0.0,2.0,0.0,1.0,0.0,1.0,1.0,0.0,0.0,0.0,1.0,0.0,2.0,2.0,0.0,0.0,0.0,0.0,1.0,1.0,0.0,0.0,0.0,0.0,2.0,0.0,1.0,1.0,0.0,2.0,1.0,2.0,0.0,0.0,0.0,0.0,0.0,0.0,0.0,0.0,0.0,0.0,0.0,0.0,0.0,1.0,0.0,0.0,1.0,1.0,0.0,1.0,0.0,1.0,0.0,0.0,0.0,0.0,0.0,2.0,0.0,0.0,1.0,1.0,0.0,0.0,0.0,0.0,0.0,2.0,0.0,0.0,0.0,0.0,0.0,0.0,0.0
